排名,资产类别,投资标的,代码/合约,投资成本(元),市值/名义价值(元),占10基金净资产%,备注
1,FUT,IC2609,L|IC2609,61059395.25,62579265.4,12.1896,名义价值口径
2,FUT,IF2609,L|IF2609,38436821.55,38936831.89,7.5844,名义价值口径
3,FUT,IM2609,L|IM2609,30484315.38,32203690.7,6.2728,名义价值口径
4,FUT,IH2609,L|IH2609,17501554.68,17435350.86,3.3962,名义价值口径
5,FND,博时可转债ETF,511380,15205506.19,15141521.36,2.9494,市值口径
6,FUT,黄金2612,L|黄金2612,8435957.29,7178689.47,1.3983,名义价值口径
7,FUT,锡2612,L|锡2612,7157936.08,6816161.31,1.3277,名义价值口径
8,FUT,沪铜2612,L|沪铜2612,6098882.23,5997615.18,1.1683,名义价值口径
9,FND,国泰上证5年期国债ETF,511010,5840275.13,5837312.0,1.137,市值口径
10,FND,华安日经225ETF,513880,4585054.03,4977733.8,0.9696,市值口径
11,STK,新宙邦,300037,3720993.99,4344869.79,0.8463,市值口径
12,FND,海富通上证城投债ETF,511220,4217752.03,4235212.43,0.825,市值口径
13,FND,华安法国CAC40ETF,513080,3998088.69,4061575.15,0.7911,市值口径
14,STK,卫星化学,002648,3902058.44,3623288.64,0.7058,市值口径
15,FUT,棉一2609,L|棉一2609,3559282.0,3584159.29,0.6981,名义价值口径
16,STK,信维通信,300136,2965070.69,2996455.75,0.5837,市值口径
17,STK,泽璟制药,688266,2665821.03,2902382.05,0.5653,市值口径
18,STK,华峰测控,688200,2539030.26,2893854.58,0.5637,市值口径
19,STK,苏常柴Ａ,000570,2859656.03,2787413.49,0.5429,市值口径
20,STK,金海通,603061,2283583.69,2730581.72,0.5319,市值口径
21,STK,桐昆股份,601233,2609753.88,2600735.2,0.5066,市值口径
22,STK,鼎龙股份,300054,1981611.78,2572443.21,0.5011,市值口径
23,STK,芯碁微装,688630,2419380.18,2443559.24,0.476,市值口径
24,FUT,锡2609,L|锡2609,2493108.85,2371664.25,0.462,名义价值口径
25,STK,新锐股份,688257,2069473.07,2330792.26,0.454,市值口径
26,STK,协创数据,300857,1804379.69,2277811.83,0.4437,市值口径
27,STK,全志科技,300458,2207288.62,2229721.38,0.4343,市值口径
28,FND,华安中债1-5年国开行债券ETF,159649,2177893.14,2197071.51,0.428,市值口径
29,FND,海富通上证5年期地方政府债ETF,511060,2173388.22,2191003.87,0.4268,市值口径
30,FND,平安中高等级公司债利差因子ETF,511030,2166914.5,2190233.65,0.4266,市值口径
31,STK,深圳华强,000062,2123860.42,2133717.76,0.4156,市值口径
32,STK,万华化学,600309,2222894.46,2098342.0,0.4087,市值口径
33,STK,高能环境,603588,1777815.67,1804954.97,0.3516,市值口径
34,STK,欧科亿,688308,1814610.7,1795907.16,0.3498,市值口径
35,STK,中稀有色,600259,1693015.03,1788669.83,0.3484,市值口径
36,FND,华夏中证电网设备主题ETF,159326,1525131.84,1768099.2,0.3444,市值口径
37,STK,中金公司,601995,1749971.85,1750962.57,0.3411,市值口径
38,STK,晶丰明源,688368,1744871.94,1700669.05,0.3313,市值口径
39,STK,荣盛石化,002493,1820893.23,1695168.88,0.3302,市值口径
40,FUT,IM2612,L|IM2612,1631600.0,1643920.0,0.3202,名义价值口径
41,FND,国泰恒生A股电网设备ETF,561380,1377978.57,1586424.94,0.309,市值口径
42,STK,湖南黄金,002155,1586502.21,1552696.9,0.3024,市值口径
43,FUT,IF2612,L|IF2612,1382700.0,1428420.0,0.2782,名义价值口径
44,STK,伟测科技,688372,1176548.88,1395912.13,0.2719,市值口径
45,PE,五矿期货宏观量化股指转债一号集合资产管理计划,SAEH44,1516695.4,1286340.98,0.2506,市值口径
46,STK,瑞芯微,603893,1226687.34,1254220.8,0.2443,市值口径
47,FUT,沪铝2612,L|沪铝2612,1319216.57,1211759.8,0.236,名义价值口径
48,BND,宏微转债,118040,1160667.26,1199315.43,0.2336,市值口径
49,FUT,SCFIS欧线2608,L|SCFIS欧线2608,1223500.36,1183766.71,0.2306,名义价值口径
50,STK,安集科技,688019,857644.69,1161262.24,0.2262,市值口径
51,BND,正帆转债,118053,1024822.36,1161139.08,0.2262,市值口径
52,STK,中矿资源,002738,1244349.38,1135099.52,0.2211,市值口径
53,STK,盛屯矿业,600711,1207528.61,1118946.55,0.218,市值口径
54,STK,杰普特,688025,1144619.95,1116785.93,0.2175,市值口径
55,STK,沪电股份,002463,975773.23,1100951.68,0.2145,市值口径
56,FND,国联安上证商品ETF,510170,1135013.88,1092391.92,0.2128,市值口径
57,BND,密卫转债,113658,1053905.53,1057299.12,0.2059,市值口径
58,STK,腾讯控股,00700,1535422.56,1044158.27,0.2034,市值口径
59,BND,花园转债,123178,958888.91,1039245.68,0.2024,市值口径
60,STK,亿纬锂能,300014,1018419.84,1036038.37,0.2018,市值口径
61,STK,长川科技,300604,976834.55,1021938.45,0.1991,市值口径
62,STK,云铝股份,000807,1170791.64,1016059.66,0.1979,市值口径
63,STK,东威科技,688700,1004460.67,1013097.19,0.1973,市值口径
64,STK,山金国际,000975,1007464.43,984802.21,0.1918,市值口径
65,BND,微导转债,118058,855998.9,978852.33,0.1907,市值口径
66,BND,精测转2,123176,843794.39,974723.28,0.1899,市值口径
67,BND,胜蓝转02,123258,778824.08,963621.53,0.1877,市值口径
68,BND,天源转债,123213,843582.96,948360.81,0.1847,市值口径
69,BND,皓元转债,118051,860465.47,944026.39,0.1839,市值口径
70,BND,文科转债,128127,966199.72,932992.7,0.1817,市值口径
71,STK,东山精密,002384,927598.1,912354.8,0.1777,市值口径
72,BND,声迅转债,127080,865880.94,911637.05,0.1776,市值口径
73,BND,欧通转债,123241,907416.37,908246.66,0.1769,市值口径
74,BND,春23转债,113667,871858.45,906288.21,0.1765,市值口径
75,BND,天准转债,118062,833010.41,905315.05,0.1763,市值口径
76,FND,上证10年期国债ETF,511260,889114.48,887958.24,0.173,市值口径
77,FND,交银裕隆纯债债券C,519783,826619.0,859968.44,0.1675,市值口径
78,BND,恒逸转2,127067,922806.28,858849.59,0.1673,市值口径
79,BND,京源转债,118016,788494.04,837058.66,0.163,市值口径
80,STK,天山铝业,002532,1076146.83,836652.67,0.163,市值口径
81,STK,神火股份,000933,1038263.33,833179.87,0.1623,市值口径
82,BND,重银转债,113056,847939.94,832322.03,0.1621,市值口径
83,STK,中瓷电子,003031,852950.49,814384.89,0.1586,市值口径
84,BND,泰坦转债,127096,566351.42,791740.7,0.1542,市值口径
85,BND,长海转债,123091,720632.01,779777.85,0.1519,市值口径
86,STK,顺络电子,002138,694349.09,730322.95,0.1423,市值口径
87,FND,华泰柏瑞上证红利ETF,510880,802750.0,729000.0,0.142,市值口径
88,STK,源杰科技,688498,300632.99,692487.54,0.1349,市值口径
89,FUT,沪铜2609,L|沪铜2609,695077.81,680288.92,0.1325,名义价值口径
90,FND,泰康稳健增利债券A,002245,597372.58,632635.99,0.1232,市值口径
91,FND,易方达上证380ETF,530380,614277.78,622697.39,0.1213,市值口径
92,FUT,原油2609,L|原油2609,616756.38,618878.55,0.1205,名义价值口径
93,STK,药明康德,603259,511702.09,600800.48,0.117,市值口径
94,STK,三环集团,300408,545862.0,593226.98,0.1156,市值口径
95,STK,贵州茅台,600519,703147.0,592745.0,0.1155,市值口径
96,STK,德业股份,605117,595550.39,589632.04,0.1149,市值口径
97,FND,中银黄金,518890,678370.0,587230.0,0.1144,市值口径
98,STK,天晟新材,300169,604456.8,581337.84,0.1132,市值口径
99,STK,思源电气,002028,640897.68,568816.45,0.1108,市值口径
100,STK,睿创微纳,688002,536641.74,566498.85,0.1103,市值口径
101,STK,藏格矿业,000408,597916.04,561145.63,0.1093,市值口径
102,FND,易方达黄金ETF,159934,643214.37,555213.09,0.1081,市值口径
103,STK,湖南裕能,301358,556056.37,535132.14,0.1042,市值口径
104,STK,潍柴动力,000338,600039.02,534513.8,0.1041,市值口径
105,STK,中际旭创,300308,572020.62,525664.08,0.1024,市值口径
106,FND,广发纯债债券A,270048,499600.32,500281.19,0.0974,市值口径
107,STK,同花顺,300033,433967.91,431496.48,0.084,市值口径
108,FND,香港红利,513630,443486.56,390401.33,0.076,市值口径
109,STK,国城矿业,000688,376501.98,387867.21,0.0756,市值口径
110,FND,天弘越南市场股票发起(QDII)A,008763,294538.56,382299.21,0.0745,市值口径
111,STK,中天科技,600522,378576.26,380181.34,0.0741,市值口径
112,FND,上证综指ETF,510210,381223.92,379007.5,0.0738,市值口径
113,FND,招商中证红利ETF,515080,398651.48,363698.85,0.0708,市值口径
114,STK,中芯国际,688981,339387.27,357334.72,0.0696,市值口径
115,FND,红利50,515450,346710.43,324487.0,0.0632,市值口径
116,STK,东材科技,601208,332701.73,319394.03,0.0622,市值口径
117,FND,鹏扬中债-30年期国债ETF,511090,282821.16,285882.52,0.0557,市值口径
118,FND,港股红利ETF,159691,341816.8,283011.6,0.0551,市值口径
119,STK,蜜雪集团,02097,503863.73,258115.69,0.0503,市值口径
120,FND,华安黄金易(ETF),518880,262906.85,252527.1,0.0492,市值口径
121,FUT,棕榈油2609,L|棕榈油2609,249647.07,247312.68,0.0482,名义价值口径
122,FND,华夏饲料豆粕期货ETF,159985,235467.87,225263.85,0.0439,市值口径
123,BND,回天转债,123165,218630.57,225115.31,0.0438,市值口径
124,BND,南药转债,110098,220694.94,223557.81,0.0435,市值口径
125,BND,强力转债,123076,205293.5,222324.74,0.0433,市值口径
126,BND,灵康转债,113610,219708.58,221616.99,0.0432,市值口径
127,BND,鹤21转债,113632,217481.76,221211.87,0.0431,市值口径
128,BND,冠宇转债,118024,221751.59,219738.76,0.0428,市值口径
129,BND,盛航转债,127099,215509.31,218199.33,0.0425,市值口径
130,BND,科顺转债,123216,233059.57,215853.04,0.042,市值口径
131,BND,共同转债,123171,213958.0,208523.45,0.0406,市值口径
132,FND,大成有色金属期货ETF,159980,197883.93,200242.25,0.039,市值口径
133,FND,华夏上证50ETF,510050,166619.5,170452.15,0.0332,市值口径
134,STK,新易盛,300502,152012.23,169653.28,0.033,市值口径
135,FND,100红利,515180,187815.6,164997.61,0.0321,市值口径
136,FND,华泰柏瑞中证红利低波动ETF,512890,166270.24,162753.11,0.0317,市值口径
137,FND,华泰柏瑞沪深300ETF,510300,136143.88,144591.08,0.0282,市值口径
138,FND,华泰柏瑞中证港股通高股息投资ETF(QDII),513530,144224.53,139696.02,0.0272,市值口径
139,FUT,棕榈油2702,L|棕榈油2702,127144.66,127648.68,0.0249,名义价值口径
140,FUT,棕榈油2612,L|棕榈油2612,126375.37,126017.26,0.0245,名义价值口径
141,BND,正川转债,113624,117104.89,116956.31,0.0228,市值口径
142,FND,建信能源化工期货ETF,159981,113487.79,114620.65,0.0223,市值口径
143,BND,芯海转债,118015,110505.44,113331.79,0.0221,市值口径
144,BND,财通转债,113043,107067.82,112506.51,0.0219,市值口径
145,BND,甬金转债,113636,110060.29,111220.62,0.0217,市值口径
146,BND,上银转债,113042,110886.95,111025.39,0.0216,市值口径
147,BND,镇洋转债,113681,116807.41,110696.45,0.0216,市值口径
148,BND,海顺转债,123183,113120.6,109790.72,0.0214,市值口径
149,BND,南航转债,110075,110687.75,109629.59,0.0214,市值口径
150,BND,漱玉转债,123172,108566.37,108834.75,0.0212,市值口径
151,BND,双乐转债,123264,107846.86,108467.37,0.0211,市值口径
152,BND,国检转债,113688,107342.37,108301.19,0.0211,市值口径
153,BND,青农转债,128129,107603.27,107627.29,0.021,市值口径
154,BND,申昊转债,123142,114842.24,107122.5,0.0209,市值口径
155,STK,长飞光纤,601869,102293.58,102526.47,0.02,市值口径
156,FND,博时标普500ETF,513500,103757.18,102438.4,0.02,市值口径
157,BND,银微转债,118011,72057.96,101256.22,0.0197,市值口径
158,FND,南方中证500ETF,510500,91027.05,96395.32,0.0188,市值口径
159,FND,招商招悦纯债债券A,003156,78075.4,83576.55,0.0163,市值口径
160,FND,华安德国(DAX)ETF,513030,72673.32,71535.72,0.0139,市值口径
161,FND,南方中证1000ETF,512100,60310.22,65643.41,0.0128,市值口径
162,STK,华海清科,688120,35660.88,63638.39,0.0124,市值口径
163,FND,华夏纳斯达克100ETF(QDII),513300,50735.85,49622.53,0.0097,市值口径
164,STK,申菱环境,301018,31715.12,35711.28,0.007,市值口径
165,STK,华润新能源,001248,31019.07,31019.07,0.006,市值口径
166,STK,震裕科技,300953,36446.99,30686.35,0.006,市值口径
167,STK,华丰科技,688629,17910.86,23593.51,0.0046,市值口径
168,FND,纳指ETF,513100,22066.39,23142.0,0.0045,市值口径
169,FND,华泰柏瑞中证韩交所中韩半导体ETF(QDII),513310,19751.08,22015.58,0.0043,市值口径
170,STK,晶晨股份,688099,19479.64,17892.33,0.0035,市值口径
171,STK,奕瑞科技,688301,18179.63,15345.0,0.003,市值口径
172,FND,中国国企,517180,13635.0,11916.0,0.0023,市值口径
173,STK,澜起科技,688008,8614.85,10410.74,0.002,市值口径
174,STK,浩辰软件,688657,7840.0,8787.22,0.0017,市值口径
175,STK,上海合晶,688584,3969.79,6533.83,0.0013,市值口径
176,FUT,铜2609C108000,L|铜2609C108000,16900.0,6500.0,0.0013,名义价值口径
177,FND,恒生ETF,159920,4729.83,4175.7,0.0008,市值口径
178,FND,交银裕隆纯债债券A,519782,3355.12,3542.13,0.0007,市值口径
179,STK,百克生物,688276,2755.59,2060.26,0.0004,市值口径
180,BND,绿茵转债,127034,2254.73,2033.06,0.0004,市值口径
181,BND,翔26转债,113703,1847.26,1847.26,0.0004,市值口径
182,STK,金道科技,301279,1747.76,1703.35,0.0003,市值口径
183,STK,奥福科技,688021,2130.39,1425.83,0.0003,市值口径
184,STK,思特威,688213,857.83,855.37,0.0002,市值口径
185,STK,科汇股份,688681,1222.2,830.91,0.0002,市值口径
186,STK,海能实业,300787,419.52,364.29,0.0001,市值口径
187,STK,力源科技,688565,125.34,87.27,0.0,市值口径
188,FND,广发货币A,270004,0.07,0.07,0.0,市值口径
189,FUT,中证1000股指2607-C-9400,S|中证1000股指2607-C-9400,-6684.84,-2679.24,-0.0005,名义价值口径
190,FUT,沪深300股指2607-C-5300,S|沪深300股指2607-C-5300,-9426.91,-5752.01,-0.0011,名义价值口径
191,FUT,中证1000股指2607-C-9500,S|中证1000股指2607-C-9500,-69614.92,-21307.88,-0.0042,名义价值口径
192,FUT,铜2608P102000,S|铜2608P102000,-15863.24,-32150.91,-0.0063,名义价值口径
193,FUT,铜2608P104000,S|铜2608P104000,-20865.89,-32942.19,-0.0064,名义价值口径
194,FUT,锡2608P405000,S|锡2608P405000,-14467.91,-36456.27,-0.0071,名义价值口径
195,FUT,对二甲苯2609,S|对二甲苯2609,-107894.78,-102049.97,-0.0199,名义价值口径
196,FUT,乙二醇2609,S|乙二醇2609,-112917.71,-107779.84,-0.021,名义价值口径
197,FUT,甲醇2609,S|甲醇2609,-486727.42,-481309.11,-0.0938,名义价值口径
198,FUT,丁二烯橡胶2609,S|丁二烯橡胶2609,-579088.52,-578095.47,-0.1126,名义价值口径
199,FUT,PTA2609,S|PTA2609,-1165375.45,-1151995.75,-0.2244,名义价值口径
200,FUT,苯乙烯2608,S|苯乙烯2608,-1661898.11,-1617658.83,-0.3151,名义价值口径
201,FUT,热轧卷板2610,S|热轧卷板2610,-2231894.38,-2220708.68,-0.4326,名义价值口径
202,FUT,豆粕2609,S|豆粕2609,-2272689.2,-2291838.41,-0.4464,名义价值口径
203,FUT,锌2608,S|锌2608,-2605179.89,-2625812.86,-0.5115,名义价值口径
204,FUT,玉米2609,S|玉米2609,-2814190.48,-2839849.04,-0.5532,名义价值口径
205,FUT,红枣2609,S|红枣2609,-2850913.95,-2860027.32,-0.5571,名义价值口径
206,FUT,沪铜2608,S|沪铜2608,-4214728.63,-4274238.14,-0.8326,名义价值口径
207,FUT,不锈钢2608,S|不锈钢2608,-6852281.37,-6736297.52,-1.3121,名义价值口径
208,FUT,聚氯乙烯2609,S|聚氯乙烯2609,-7453100.67,-7302536.12,-1.4224,名义价值口径
209,FUT,铁矿石2609,S|铁矿石2609,-7910478.22,-7906193.45,-1.54,名义价值口径
210,FUT,镍2609,S|镍2609,-8355446.85,-8305323.98,-1.6178,名义价值口径
211,FUT,棕榈油2609,S|棕榈油2609,-9971879.68,-10077873.56,-1.963,名义价值口径
212,FUT,IC2609,S|IC2609,-10980683.0,-11318834.75,-2.2048,名义价值口径
213,FUT,IH2609,S|IH2609,-11591169.47,-11664707.36,-2.2721,名义价值口径
214,FUT,IM2609,S|IM2609,-13880115.26,-14154321.64,-2.7571,名义价值口径
215,FUT,玻璃2609,S|玻璃2609,-17180806.27,-17034241.59,-3.318,名义价值口径
216,FUT,烧碱2609,S|烧碱2609,-20128186.61,-19499772.42,-3.7983,名义价值口径
217,FUT,螺纹钢2610,S|螺纹钢2610,-20750638.69,-20531682.17,-3.9993,名义价值口径
218,FUT,纯碱2609,S|纯碱2609,-26327414.79,-25677526.3,-5.0016,名义价值口径
219,FUT,铅2608,S|铅2608,-25943960.52,-26065387.23,-5.0772,名义价值口径
220,FUT,IF2609,S|IF2609,-25797284.72,-26149320.17,-5.0935,名义价值口径
221,FUT,沪铝2608,S|沪铝2608,-27553873.19,-26616106.79,-5.1844,名义价值口径
222,FUT,纸浆2609,S|纸浆2609,-45870589.74,-45334210.6,-8.8305,名义价值口径
