now,close,benchmark
2016-12-31,6263.63,000905.SH
2017-01-03,6320.76,000905.SH
2017-01-04,6394.67,000905.SH
2017-01-05,6399.28,000905.SH
2017-01-06,6371.62,000905.SH
2017-01-09,6415.42,000905.SH
2017-01-10,6393.93,000905.SH
2017-01-11,6331.96,000905.SH
2017-01-12,6272.85,000905.SH
2017-01-13,6194.66,000905.SH
2017-01-16,6031.24,000905.SH
2017-01-17,6082.07,000905.SH
2017-01-18,6068.59,000905.SH
2017-01-19,6043.67,000905.SH
2017-01-20,6122.0,000905.SH
2017-01-23,6172.17,000905.SH
2017-01-24,6165.26,000905.SH
2017-01-25,6179.57,000905.SH
2017-01-26,6223.71,000905.SH
2017-01-27,6223.71,000905.SH
2017-01-30,6223.71,000905.SH
2017-01-31,6223.71,000905.SH
2017-02-01,6223.71,000905.SH
2017-02-02,6223.71,000905.SH
2017-02-03,6207.09,000905.SH
2017-02-06,6259.25,000905.SH
2017-02-07,6255.93,000905.SH
2017-02-08,6291.6,000905.SH
2017-02-09,6331.18,000905.SH
2017-02-10,6337.11,000905.SH
2017-02-13,6369.65,000905.SH
2017-02-14,6374.89,000905.SH
2017-02-15,6311.7,000905.SH
2017-02-16,6359.34,000905.SH
2017-02-17,6307.16,000905.SH
2017-02-20,6385.06,000905.SH
2017-02-21,6434.44,000905.SH
2017-02-22,6474.23,000905.SH
2017-02-23,6473.99,000905.SH
2017-02-24,6476.17,000905.SH
2017-02-27,6424.25,000905.SH
2017-02-28,6450.97,000905.SH
2017-03-01,6467.64,000905.SH
2017-03-02,6434.63,000905.SH
2017-03-03,6452.84,000905.SH
2017-03-06,6517.32,000905.SH
2017-03-07,6523.19,000905.SH
2017-03-08,6497.09,000905.SH
2017-03-09,6439.38,000905.SH
2017-03-10,6447.92,000905.SH
2017-03-13,6507.9,000905.SH
2017-03-14,6493.48,000905.SH
2017-03-15,6486.06,000905.SH
2017-03-16,6543.34,000905.SH
2017-03-17,6483.25,000905.SH
2017-03-20,6498.34,000905.SH
2017-03-21,6515.95,000905.SH
2017-03-22,6499.79,000905.SH
2017-03-23,6512.19,000905.SH
2017-03-24,6546.62,000905.SH
2017-03-27,6516.03,000905.SH
2017-03-28,6498.69,000905.SH
2017-03-29,6480.54,000905.SH
2017-03-30,6375.74,000905.SH
2017-03-31,6401.65,000905.SH
2017-04-03,6401.65,000905.SH
2017-04-04,6401.65,000905.SH
2017-04-05,6539.97,000905.SH
2017-04-06,6559.65,000905.SH
2017-04-07,6578.73,000905.SH
2017-04-10,6566.54,000905.SH
2017-04-11,6629.17,000905.SH
2017-04-12,6576.48,000905.SH
2017-04-13,6615.7,000905.SH
2017-04-14,6528.16,000905.SH
2017-04-17,6456.6,000905.SH
2017-04-18,6418.21,000905.SH
2017-04-19,6350.65,000905.SH
2017-04-20,6347.77,000905.SH
2017-04-21,6300.71,000905.SH
2017-04-24,6138.5,000905.SH
2017-04-25,6160.46,000905.SH
2017-04-26,6176.4,000905.SH
2017-04-27,6192.3,000905.SH
2017-04-28,6211.86,000905.SH
2017-05-01,6211.86,000905.SH
2017-05-02,6216.12,000905.SH
2017-05-03,6197.48,000905.SH
2017-05-04,6176.31,000905.SH
2017-05-05,6089.68,000905.SH
2017-05-08,5975.54,000905.SH
2017-05-09,6012.0,000905.SH
2017-05-10,5885.84,000905.SH
2017-05-11,5872.64,000905.SH
2017-05-12,5863.78,000905.SH
2017-05-15,5893.51,000905.SH
2017-05-16,6014.73,000905.SH
2017-05-17,6027.65,000905.SH
2017-05-18,5976.3,000905.SH
2017-05-19,5974.98,000905.SH
2017-05-22,5888.81,000905.SH
2017-05-23,5764.88,000905.SH
2017-05-24,5799.25,000905.SH
2017-05-25,5850.8,000905.SH
2017-05-26,5836.93,000905.SH
2017-05-29,5836.93,000905.SH
2017-05-30,5836.93,000905.SH
2017-05-31,5824.1,000905.SH
2017-06-01,5710.0,000905.SH
2017-06-02,5772.52,000905.SH
2017-06-05,5815.8,000905.SH
2017-06-06,5841.52,000905.SH
2017-06-07,5955.02,000905.SH
2017-06-08,5958.98,000905.SH
2017-06-09,5969.27,000905.SH
2017-06-12,5902.85,000905.SH
2017-06-13,5980.06,000905.SH
2017-06-14,5966.43,000905.SH
2017-06-15,6021.17,000905.SH
2017-06-16,6013.0,000905.SH
2017-06-19,6057.41,000905.SH
2017-06-20,6066.9,000905.SH
2017-06-21,6078.19,000905.SH
2017-06-22,5992.33,000905.SH
2017-06-23,6010.31,000905.SH
2017-06-26,6111.64,000905.SH
2017-06-27,6113.17,000905.SH
2017-06-28,6086.21,000905.SH
2017-06-29,6116.99,000905.SH
2017-06-30,6138.16,000905.SH
2017-07-03,6177.4,000905.SH
2017-07-04,6146.85,000905.SH
2017-07-05,6193.96,000905.SH
2017-07-06,6201.65,000905.SH
2017-07-07,6226.01,000905.SH
2017-07-10,6206.56,000905.SH
2017-07-11,6128.99,000905.SH
2017-07-12,6132.99,000905.SH
2017-07-13,6149.93,000905.SH
2017-07-14,6128.74,000905.SH
2017-07-17,5876.46,000905.SH
2017-07-18,5938.43,000905.SH
2017-07-19,6059.36,000905.SH
2017-07-20,6099.28,000905.SH
2017-07-21,6126.11,000905.SH
2017-07-24,6167.13,000905.SH
2017-07-25,6153.6,000905.SH
2017-07-26,6146.7,000905.SH
2017-07-27,6184.02,000905.SH
2017-07-28,6215.46,000905.SH
2017-07-31,6298.0,000905.SH
2017-08-01,6286.54,000905.SH
2017-08-02,6251.86,000905.SH
2017-08-03,6261.97,000905.SH
2017-08-04,6225.12,000905.SH
2017-08-07,6303.42,000905.SH
2017-08-08,6303.72,000905.SH
2017-08-09,6340.02,000905.SH
2017-08-10,6289.22,000905.SH
2017-08-11,6161.19,000905.SH
2017-08-14,6292.64,000905.SH
2017-08-15,6314.76,000905.SH
2017-08-16,6318.8,000905.SH
2017-08-17,6366.03,000905.SH
2017-08-18,6347.76,000905.SH
2017-08-21,6403.78,000905.SH
2017-08-22,6375.98,000905.SH
2017-08-23,6322.78,000905.SH
2017-08-24,6278.59,000905.SH
2017-08-25,6346.53,000905.SH
2017-08-28,6424.58,000905.SH
2017-08-29,6408.16,000905.SH
2017-08-30,6453.46,000905.SH
2017-08-31,6470.43,000905.SH
2017-09-01,6526.5,000905.SH
2017-09-04,6564.68,000905.SH
2017-09-05,6571.86,000905.SH
2017-09-06,6607.12,000905.SH
2017-09-07,6558.6,000905.SH
2017-09-08,6574.18,000905.SH
2017-09-11,6649.63,000905.SH
2017-09-12,6644.01,000905.SH
2017-09-13,6684.38,000905.SH
2017-09-14,6672.19,000905.SH
2017-09-15,6622.04,000905.SH
2017-09-18,6669.45,000905.SH
2017-09-19,6636.02,000905.SH
2017-09-20,6692.47,000905.SH
2017-09-21,6612.05,000905.SH
2017-09-22,6572.01,000905.SH
2017-09-25,6489.84,000905.SH
2017-09-26,6520.72,000905.SH
2017-09-27,6583.14,000905.SH
2017-09-28,6567.79,000905.SH
2017-09-29,6603.26,000905.SH
2017-10-02,6603.26,000905.SH
2017-10-03,6603.26,000905.SH
2017-10-04,6603.26,000905.SH
2017-10-05,6603.26,000905.SH
2017-10-06,6603.26,000905.SH
2017-10-09,6678.37,000905.SH
2017-10-10,6705.48,000905.SH
2017-10-11,6666.47,000905.SH
2017-10-12,6659.1,000905.SH
2017-10-13,6709.82,000905.SH
2017-10-16,6619.21,000905.SH
2017-10-17,6612.94,000905.SH
2017-10-18,6563.44,000905.SH
2017-10-19,6501.4,000905.SH
2017-10-20,6571.42,000905.SH
2017-10-23,6612.76,000905.SH
2017-10-24,6603.0,000905.SH
2017-10-25,6647.89,000905.SH
2017-10-26,6671.93,000905.SH
2017-10-27,6630.81,000905.SH
2017-10-30,6511.76,000905.SH
2017-10-31,6560.21,000905.SH
2017-11-01,6552.95,000905.SH
2017-11-02,6484.93,000905.SH
2017-11-03,6426.98,000905.SH
2017-11-06,6511.1,000905.SH
2017-11-07,6551.94,000905.SH
2017-11-08,6561.69,000905.SH
2017-11-09,6611.35,000905.SH
2017-11-10,6641.22,000905.SH
2017-11-13,6671.21,000905.SH
2017-11-14,6614.51,000905.SH
2017-11-15,6537.66,000905.SH
2017-11-16,6558.31,000905.SH
2017-11-17,6361.94,000905.SH
2017-11-20,6433.17,000905.SH
2017-11-21,6456.35,000905.SH
2017-11-22,6439.44,000905.SH
2017-11-23,6274.51,000905.SH
2017-11-24,6278.03,000905.SH
2017-11-27,6194.55,000905.SH
2017-11-28,6299.31,000905.SH
2017-11-29,6318.37,000905.SH
2017-11-30,6263.42,000905.SH
2017-12-01,6316.41,000905.SH
2017-12-04,6279.62,000905.SH
2017-12-05,6132.91,000905.SH
2017-12-06,6172.8,000905.SH
2017-12-07,6135.47,000905.SH
2017-12-08,6203.14,000905.SH
2017-12-11,6286.17,000905.SH
2017-12-12,6233.21,000905.SH
2017-12-13,6277.44,000905.SH
2017-12-14,6284.08,000905.SH
2017-12-15,6235.76,000905.SH
2017-12-18,6199.99,000905.SH
2017-12-19,6251.24,000905.SH
2017-12-20,6199.36,000905.SH
2017-12-21,6238.5,000905.SH
2017-12-22,6242.88,000905.SH
2017-12-25,6185.59,000905.SH
2017-12-26,6220.15,000905.SH
2017-12-27,6173.15,000905.SH
2017-12-28,6204.27,000905.SH
2017-12-29,6250.82,000905.SH
2018-01-02,6332.23,000905.SH
2018-01-03,6388.25,000905.SH
2018-01-04,6417.54,000905.SH
2018-01-05,6417.25,000905.SH
2018-01-08,6446.18,000905.SH
2018-01-09,6445.75,000905.SH
2018-01-10,6405.94,000905.SH
2018-01-11,6425.94,000905.SH
2018-01-12,6399.37,000905.SH
2018-01-15,6253.38,000905.SH
2018-01-16,6301.13,000905.SH
2018-01-17,6267.46,000905.SH
2018-01-18,6286.8,000905.SH
2018-01-19,6272.38,000905.SH
2018-01-22,6347.64,000905.SH
2018-01-23,6355.0,000905.SH
2018-01-24,6394.3,000905.SH
2018-01-25,6382.72,000905.SH
2018-01-26,6383.63,000905.SH
2018-01-29,6309.88,000905.SH
2018-01-30,6313.44,000905.SH
2018-01-31,6189.34,000905.SH
2018-02-01,5984.74,000905.SH
2018-02-02,6004.85,000905.SH
2018-02-05,5998.22,000905.SH
2018-02-06,5704.26,000905.SH
2018-02-07,5711.33,000905.SH
2018-02-08,5766.48,000905.SH
2018-02-09,5554.9,000905.SH
2018-02-12,5699.1,000905.SH
2018-02-13,5736.95,000905.SH
2018-02-14,5754.83,000905.SH
2018-02-15,5754.83,000905.SH
2018-02-16,5754.83,000905.SH
2018-02-20,5754.83,000905.SH
2018-02-21,5754.83,000905.SH
2018-02-22,5875.73,000905.SH
2018-02-23,5897.68,000905.SH
2018-02-26,6029.68,000905.SH
2018-02-27,6010.56,000905.SH
2018-02-28,6023.68,000905.SH
2018-03-01,6090.22,000905.SH
2018-03-02,6056.34,000905.SH
2018-03-05,6064.1,000905.SH
2018-03-06,6145.58,000905.SH
2018-03-07,6086.49,000905.SH
2018-03-08,6131.51,000905.SH
2018-03-09,6206.98,000905.SH
2018-03-12,6295.78,000905.SH
2018-03-13,6254.15,000905.SH
2018-03-14,6189.32,000905.SH
2018-03-15,6180.11,000905.SH
2018-03-16,6146.31,000905.SH
2018-03-19,6153.83,000905.SH
2018-03-20,6173.7,000905.SH
2018-03-21,6129.2,000905.SH
2018-03-22,6101.23,000905.SH
2018-03-23,5787.15,000905.SH
2018-03-26,5902.96,000905.SH
2018-03-27,6034.77,000905.SH
2018-03-28,5973.34,000905.SH
2018-03-29,6034.86,000905.SH
2018-03-30,6114.74,000905.SH
2018-04-02,6121.96,000905.SH
2018-04-03,6059.71,000905.SH
2018-04-04,6017.69,000905.SH
2018-04-05,6017.69,000905.SH
2018-04-06,6017.69,000905.SH
2018-04-09,6025.65,000905.SH
2018-04-10,6063.74,000905.SH
2018-04-11,6086.61,000905.SH
2018-04-12,6051.33,000905.SH
2018-04-13,6027.19,000905.SH
2018-04-16,6012.41,000905.SH
2018-04-17,5890.86,000905.SH
2018-04-18,5970.66,000905.SH
2018-04-19,6004.73,000905.SH
2018-04-20,5880.84,000905.SH
2018-04-23,5823.92,000905.SH
2018-04-24,5957.19,000905.SH
2018-04-25,5959.42,000905.SH
2018-04-26,5847.98,000905.SH
2018-04-27,5860.98,000905.SH
2018-04-30,5860.98,000905.SH
2018-05-01,5860.98,000905.SH
2018-05-02,5855.32,000905.SH
2018-05-03,5910.61,000905.SH
2018-05-04,5909.29,000905.SH
2018-05-07,6019.14,000905.SH
2018-05-08,6041.81,000905.SH
2018-05-09,6029.23,000905.SH
2018-05-10,6040.57,000905.SH
2018-05-11,5991.34,000905.SH
2018-05-14,5967.55,000905.SH
2018-05-15,6020.57,000905.SH
2018-05-16,6004.07,000905.SH
2018-05-17,5973.78,000905.SH
2018-05-18,5995.15,000905.SH
2018-05-21,6072.2,000905.SH
2018-05-22,6092.91,000905.SH
2018-05-23,6013.85,000905.SH
2018-05-24,5992.62,000905.SH
2018-05-25,5917.8,000905.SH
2018-05-28,5891.26,000905.SH
2018-05-29,5835.45,000905.SH
2018-05-30,5682.59,000905.SH
2018-05-31,5754.47,000905.SH
2018-06-01,5685.12,000905.SH
2018-06-04,5683.15,000905.SH
2018-06-05,5779.08,000905.SH
2018-06-06,5774.26,000905.SH
2018-06-07,5738.02,000905.SH
2018-06-08,5669.3,000905.SH
2018-06-11,5632.36,000905.SH
2018-06-12,5693.35,000905.SH
2018-06-13,5607.02,000905.SH
2018-06-14,5586.93,000905.SH
2018-06-15,5483.94,000905.SH
2018-06-18,5483.94,000905.SH
2018-06-19,5141.71,000905.SH
2018-06-20,5198.39,000905.SH
2018-06-21,5089.25,000905.SH
2018-06-22,5160.12,000905.SH
2018-06-25,5125.03,000905.SH
2018-06-26,5160.28,000905.SH
2018-06-27,5109.5,000905.SH
2018-06-28,5055.11,000905.SH
2018-06-29,5217.76,000905.SH
2018-07-02,5138.78,000905.SH
2018-07-03,5197.13,000905.SH
2018-07-04,5121.34,000905.SH
2018-07-05,4982.76,000905.SH
2018-07-06,4996.63,000905.SH
2018-07-09,5107.55,000905.SH
2018-07-10,5136.53,000905.SH
2018-07-11,5036.16,000905.SH
2018-07-12,5172.5,000905.SH
2018-07-13,5204.19,000905.SH
2018-07-16,5195.2,000905.SH
2018-07-17,5196.2,000905.SH
2018-07-18,5156.64,000905.SH
2018-07-19,5111.33,000905.SH
2018-07-20,5175.25,000905.SH
2018-07-23,5214.0,000905.SH
2018-07-24,5304.64,000905.SH
2018-07-25,5308.66,000905.SH
2018-07-26,5273.48,000905.SH
2018-07-27,5249.29,000905.SH
2018-07-30,5185.15,000905.SH
2018-07-31,5188.72,000905.SH
2018-08-01,5105.37,000905.SH
2018-08-02,4996.01,000905.SH
2018-08-03,4929.75,000905.SH
2018-08-06,4825.25,000905.SH
2018-08-07,4956.87,000905.SH
2018-08-08,4880.57,000905.SH
2018-08-09,5004.77,000905.SH
2018-08-10,5030.51,000905.SH
2018-08-13,5055.28,000905.SH
2018-08-14,5037.88,000905.SH
2018-08-15,4932.81,000905.SH
2018-08-16,4888.37,000905.SH
2018-08-17,4803.03,000905.SH
2018-08-20,4832.65,000905.SH
2018-08-21,4891.98,000905.SH
2018-08-22,4837.02,000905.SH
2018-08-23,4863.67,000905.SH
2018-08-24,4852.29,000905.SH
2018-08-27,4960.07,000905.SH
2018-08-28,4974.21,000905.SH
2018-08-29,4941.96,000905.SH
2018-08-30,4867.12,000905.SH
2018-08-31,4814.82,000905.SH
2018-09-03,4838.87,000905.SH
2018-09-04,4890.28,000905.SH
2018-09-05,4815.03,000905.SH
2018-09-06,4793.35,000905.SH
2018-09-07,4791.78,000905.SH
2018-09-10,4704.88,000905.SH
2018-09-11,4702.9,000905.SH
2018-09-12,4693.97,000905.SH
2018-09-13,4721.21,000905.SH
2018-09-14,4670.08,000905.SH
2018-09-17,4602.39,000905.SH
2018-09-18,4683.51,000905.SH
2018-09-19,4736.89,000905.SH
2018-09-20,4733.48,000905.SH
2018-09-21,4805.22,000905.SH
2018-09-24,4805.22,000905.SH
2018-09-25,4792.55,000905.SH
2018-09-26,4815.63,000905.SH
2018-09-27,4755.38,000905.SH
2018-09-28,4800.73,000905.SH
2018-10-01,4800.73,000905.SH
2018-10-02,4800.73,000905.SH
2018-10-03,4800.73,000905.SH
2018-10-04,4800.73,000905.SH
2018-10-05,4800.73,000905.SH
2018-10-08,4646.49,000905.SH
2018-10-09,4634.89,000905.SH
2018-10-10,4629.89,000905.SH
2018-10-11,4307.42,000905.SH
2018-10-12,4278.04,000905.SH
2018-10-15,4199.15,000905.SH
2018-10-16,4099.68,000905.SH
2018-10-17,4133.38,000905.SH
2018-10-18,4018.46,000905.SH
2018-10-19,4127.99,000905.SH
2018-10-22,4333.14,000905.SH
2018-10-23,4253.56,000905.SH
2018-10-24,4245.49,000905.SH
2018-10-25,4234.42,000905.SH
2018-10-26,4233.96,000905.SH
2018-10-29,4162.53,000905.SH
2018-10-30,4204.54,000905.SH
2018-10-31,4272.55,000905.SH
2018-11-01,4298.98,000905.SH
2018-11-02,4437.95,000905.SH
2018-11-05,4440.83,000905.SH
2018-11-06,4438.1,000905.SH
2018-11-07,4415.14,000905.SH
2018-11-08,4382.33,000905.SH
2018-11-09,4368.61,000905.SH
2018-11-12,4481.69,000905.SH
2018-11-13,4563.54,000905.SH
2018-11-14,4545.51,000905.SH
2018-11-15,4619.81,000905.SH
2018-11-16,4659.1,000905.SH
2018-11-19,4670.74,000905.SH
2018-11-20,4537.45,000905.SH
2018-11-21,4554.67,000905.SH
2018-11-22,4551.33,000905.SH
2018-11-23,4374.76,000905.SH
2018-11-26,4367.46,000905.SH
2018-11-27,4387.65,000905.SH
2018-11-28,4441.86,000905.SH
2018-11-29,4345.7,000905.SH
2018-11-30,4376.65,000905.SH
2018-12-03,4515.17,000905.SH
2018-12-04,4536.21,000905.SH
2018-12-05,4502.7,000905.SH
2018-12-06,4411.09,000905.SH
2018-12-07,4410.96,000905.SH
2018-12-10,4359.31,000905.SH
2018-12-11,4395.57,000905.SH
2018-12-12,4393.32,000905.SH
2018-12-13,4443.16,000905.SH
2018-12-14,4337.1,000905.SH
2018-12-17,4330.65,000905.SH
2018-12-18,4307.27,000905.SH
2018-12-19,4247.9,000905.SH
2018-12-20,4259.76,000905.SH
2018-12-21,4231.14,000905.SH
2018-12-24,4274.72,000905.SH
2018-12-25,4225.51,000905.SH
2018-12-26,4208.41,000905.SH
2018-12-27,4161.27,000905.SH
2018-12-28,4168.04,000905.SH
2018-12-31,4168.04,000905.SH
2019-01-02,4131.96,000905.SH
2019-01-03,4112.81,000905.SH
2019-01-04,4210.88,000905.SH
2019-01-07,4288.32,000905.SH
2019-01-08,4277.3,000905.SH
2019-01-09,4288.77,000905.SH
2019-01-10,4281.86,000905.SH
2019-01-11,4314.88,000905.SH
2019-01-14,4286.55,000905.SH
2019-01-15,4347.36,000905.SH
2019-01-16,4336.88,000905.SH
2019-01-17,4303.73,000905.SH
2019-01-18,4347.81,000905.SH
2019-01-21,4373.63,000905.SH
2019-01-22,4308.25,000905.SH
2019-01-23,4315.68,000905.SH
2019-01-24,4338.17,000905.SH
2019-01-25,4318.44,000905.SH
2019-01-28,4307.22,000905.SH
2019-01-29,4254.29,000905.SH
2019-01-30,4211.62,000905.SH
2019-01-31,4176.47,000905.SH
2019-02-01,4294.27,000905.SH
2019-02-04,4294.27,000905.SH
2019-02-05,4294.27,000905.SH
2019-02-06,4294.27,000905.SH
2019-02-07,4294.27,000905.SH
2019-02-08,4294.27,000905.SH
2019-02-11,4402.87,000905.SH
2019-02-12,4439.48,000905.SH
2019-02-13,4512.41,000905.SH
2019-02-14,4532.17,000905.SH
2019-02-15,4502.73,000905.SH
2019-02-18,4661.0,000905.SH
2019-02-19,4667.28,000905.SH
2019-02-20,4667.62,000905.SH
2019-02-21,4659.14,000905.SH
2019-02-22,4777.3,000905.SH
2019-02-25,5044.35,000905.SH
2019-02-26,5038.54,000905.SH
2019-02-27,5017.88,000905.SH
2019-02-28,5025.29,000905.SH
2019-03-01,5067.23,000905.SH
2019-03-04,5158.25,000905.SH
2019-03-05,5295.29,000905.SH
2019-03-06,5390.03,000905.SH
2019-03-07,5458.62,000905.SH
2019-03-08,5245.7,000905.SH
2019-03-11,5456.38,000905.SH
2019-03-12,5551.0,000905.SH
2019-03-13,5424.86,000905.SH
2019-03-14,5298.5,000905.SH
2019-03-15,5359.01,000905.SH
2019-03-18,5501.18,000905.SH
2019-03-19,5522.18,000905.SH
2019-03-20,5515.79,000905.SH
2019-03-21,5589.48,000905.SH
2019-03-22,5622.14,000905.SH
2019-03-25,5549.67,000905.SH
2019-03-26,5394.88,000905.SH
2019-03-27,5447.88,000905.SH
2019-03-28,5370.12,000905.SH
2019-03-29,5547.66,000905.SH
2019-04-01,5757.84,000905.SH
2019-04-02,5775.55,000905.SH
2019-04-03,5836.04,000905.SH
2019-04-04,5871.56,000905.SH
2019-04-05,5871.56,000905.SH
2019-04-08,5847.63,000905.SH
2019-04-09,5858.05,000905.SH
2019-04-10,5850.76,000905.SH
2019-04-11,5727.17,000905.SH
2019-04-12,5714.37,000905.SH
2019-04-15,5655.98,000905.SH
2019-04-16,5777.01,000905.SH
2019-04-17,5807.73,000905.SH
2019-04-18,5775.17,000905.SH
2019-04-19,5810.18,000905.SH
2019-04-22,5723.04,000905.SH
2019-04-23,5628.06,000905.SH
2019-04-24,5679.73,000905.SH
2019-04-25,5458.42,000905.SH
2019-04-26,5408.03,000905.SH
2019-04-29,5265.6,000905.SH
2019-04-30,5307.56,000905.SH
2019-05-01,5307.56,000905.SH
2019-05-02,5307.56,000905.SH
2019-05-03,5307.56,000905.SH
2019-05-06,4908.8,000905.SH
2019-05-07,4973.4,000905.SH
2019-05-08,4947.74,000905.SH
2019-05-09,4888.41,000905.SH
2019-05-10,5064.32,000905.SH
2019-05-13,5005.9,000905.SH
2019-05-14,4965.61,000905.SH
2019-05-15,5076.56,000905.SH
2019-05-16,5108.36,000905.SH
2019-05-17,4942.58,000905.SH
2019-05-20,4923.56,000905.SH
2019-05-21,5009.87,000905.SH
2019-05-22,4976.39,000905.SH
2019-05-23,4872.92,000905.SH
2019-05-24,4841.76,000905.SH
2019-05-27,4962.95,000905.SH
2019-05-28,4955.49,000905.SH
2019-05-29,4956.86,000905.SH
2019-05-30,4926.4,000905.SH
2019-05-31,4912.0,000905.SH
2019-06-03,4853.82,000905.SH
2019-06-04,4795.41,000905.SH
2019-06-05,4783.82,000905.SH
2019-06-06,4678.78,000905.SH
2019-06-07,4678.78,000905.SH
2019-06-10,4725.26,000905.SH
2019-06-11,4901.47,000905.SH
2019-06-12,4863.49,000905.SH
2019-06-13,4877.65,000905.SH
2019-06-14,4795.53,000905.SH
2019-06-17,4802.82,000905.SH
2019-06-18,4797.15,000905.SH
2019-06-19,4858.92,000905.SH
2019-06-20,4954.73,000905.SH
2019-06-21,5021.31,000905.SH
2019-06-24,5024.2,000905.SH
2019-06-25,4974.99,000905.SH
2019-06-26,4962.59,000905.SH
2019-06-27,5007.48,000905.SH
2019-06-28,4950.48,000905.SH
2019-07-01,5100.26,000905.SH
2019-07-02,5084.41,000905.SH
2019-07-03,5040.72,000905.SH
2019-07-04,5025.02,000905.SH
2019-07-05,5042.66,000905.SH
2019-07-08,4870.78,000905.SH
2019-07-09,4881.62,000905.SH
2019-07-10,4843.86,000905.SH
2019-07-11,4844.55,000905.SH
2019-07-12,4861.57,000905.SH
2019-07-15,4925.32,000905.SH
2019-07-16,4932.05,000905.SH
2019-07-17,4929.08,000905.SH
2019-07-18,4844.11,000905.SH
2019-07-19,4878.69,000905.SH
2019-07-22,4776.57,000905.SH
2019-07-23,4823.92,000905.SH
2019-07-24,4873.03,000905.SH
2019-07-25,4891.64,000905.SH
2019-07-26,4898.11,000905.SH
2019-07-29,4897.02,000905.SH
2019-07-30,4922.92,000905.SH
2019-07-31,4903.2,000905.SH
2019-08-01,4870.47,000905.SH
2019-08-02,4809.92,000905.SH
2019-08-05,4751.98,000905.SH
2019-08-06,4650.56,000905.SH
2019-08-07,4626.36,000905.SH
2019-08-08,4656.1,000905.SH
2019-08-09,4600.35,000905.SH
2019-08-12,4685.04,000905.SH
2019-08-13,4658.39,000905.SH
2019-08-14,4683.84,000905.SH
2019-08-15,4706.55,000905.SH
2019-08-16,4722.66,000905.SH
2019-08-19,4875.04,000905.SH
2019-08-20,4872.61,000905.SH
2019-08-21,4882.72,000905.SH
2019-08-22,4887.91,000905.SH
2019-08-23,4887.9,000905.SH
2019-08-26,4855.46,000905.SH
2019-08-27,4936.12,000905.SH
2019-08-28,4928.19,000905.SH
2019-08-29,4934.18,000905.SH
2019-08-30,4886.49,000905.SH
2019-09-02,5008.3,000905.SH
2019-09-03,5044.18,000905.SH
2019-09-04,5093.27,000905.SH
2019-09-05,5138.41,000905.SH
2019-09-06,5154.64,000905.SH
2019-09-09,5263.46,000905.SH
2019-09-10,5245.31,000905.SH
2019-09-11,5217.29,000905.SH
2019-09-12,5242.61,000905.SH
2019-09-13,5242.61,000905.SH
2019-09-16,5250.34,000905.SH
2019-09-17,5140.45,000905.SH
2019-09-18,5141.04,000905.SH
2019-09-19,5191.67,000905.SH
2019-09-20,5204.48,000905.SH
2019-09-23,5171.48,000905.SH
2019-09-24,5180.74,000905.SH
2019-09-25,5087.01,000905.SH
2019-09-26,4970.24,000905.SH
2019-09-27,5005.63,000905.SH
2019-09-30,4940.9,000905.SH
2019-10-01,4940.9,000905.SH
2019-10-02,4940.9,000905.SH
2019-10-03,4940.9,000905.SH
2019-10-04,4940.9,000905.SH
2019-10-07,4940.9,000905.SH
2019-10-08,4941.76,000905.SH
2019-10-09,4982.95,000905.SH
2019-10-10,5046.36,000905.SH
2019-10-11,5055.52,000905.SH
2019-10-14,5131.13,000905.SH
2019-10-15,5061.0,000905.SH
2019-10-16,5038.36,000905.SH
2019-10-17,5029.85,000905.SH
2019-10-18,4961.81,000905.SH
2019-10-21,4951.04,000905.SH
2019-10-22,5005.55,000905.SH
2019-10-23,4967.19,000905.SH
2019-10-24,4958.25,000905.SH
2019-10-25,4994.57,000905.SH
2019-10-28,5084.47,000905.SH
2019-10-29,5007.71,000905.SH
2019-10-30,4947.9,000905.SH
2019-10-31,4917.42,000905.SH
2019-11-01,4962.35,000905.SH
2019-11-04,4987.84,000905.SH
2019-11-05,5025.3,000905.SH
2019-11-06,4974.73,000905.SH
2019-11-07,5007.07,000905.SH
2019-11-08,4988.29,000905.SH
2019-11-11,4876.16,000905.SH
2019-11-12,4881.61,000905.SH
2019-11-13,4875.54,000905.SH
2019-11-14,4912.11,000905.SH
2019-11-15,4868.44,000905.SH
2019-11-18,4892.46,000905.SH
2019-11-19,4975.11,000905.SH
2019-11-20,4946.28,000905.SH
2019-11-21,4945.72,000905.SH
2019-11-22,4904.08,000905.SH
2019-11-25,4901.5,000905.SH
2019-11-26,4882.16,000905.SH
2019-11-27,4904.26,000905.SH
2019-11-28,4889.26,000905.SH
2019-11-29,4894.94,000905.SH
2019-12-02,4905.42,000905.SH
2019-12-03,4926.45,000905.SH
2019-12-04,4920.67,000905.SH
2019-12-05,4967.6,000905.SH
2019-12-06,5010.51,000905.SH
2019-12-09,5024.6,000905.SH
2019-12-10,5049.05,000905.SH
2019-12-11,5027.28,000905.SH
2019-12-12,5012.0,000905.SH
2019-12-13,5073.69,000905.SH
2019-12-16,5166.04,000905.SH
2019-12-17,5236.06,000905.SH
2019-12-18,5235.12,000905.SH
2019-12-19,5241.74,000905.SH
2019-12-20,5184.68,000905.SH
2019-12-23,5084.35,000905.SH
2019-12-24,5162.07,000905.SH
2019-12-25,5183.1,000905.SH
2019-12-26,5219.14,000905.SH
2019-12-27,5179.19,000905.SH
2019-12-30,5241.94,000905.SH
2019-12-31,5267.66,000905.SH
2020-01-02,5366.14,000905.SH
2020-01-03,5380.64,000905.SH
2020-01-06,5434.85,000905.SH
2020-01-07,5499.84,000905.SH
2020-01-08,5423.8,000905.SH
2020-01-09,5497.54,000905.SH
2020-01-10,5480.23,000905.SH
2020-01-13,5559.63,000905.SH
2020-01-14,5542.33,000905.SH
2020-01-15,5530.03,000905.SH
2020-01-16,5527.67,000905.SH
2020-01-17,5510.05,000905.SH
2020-01-20,5587.54,000905.SH
2020-01-21,5523.94,000905.SH
2020-01-22,5575.51,000905.SH
2020-01-23,5377.74,000905.SH
2020-01-24,5377.74,000905.SH
2020-01-27,5377.74,000905.SH
2020-01-28,5377.74,000905.SH
2020-01-29,5377.74,000905.SH
2020-01-30,5377.74,000905.SH
2020-01-31,5377.74,000905.SH
2020-02-03,4910.9,000905.SH
2020-02-04,4996.47,000905.SH
2020-02-05,5123.96,000905.SH
2020-02-06,5282.89,000905.SH
2020-02-07,5327.04,000905.SH
2020-02-10,5388.44,000905.SH
2020-02-11,5361.28,000905.SH
2020-02-12,5459.95,000905.SH
2020-02-13,5412.84,000905.SH
2020-02-14,5420.8,000905.SH
2020-02-17,5594.44,000905.SH
2020-02-18,5660.81,000905.SH
2020-02-19,5603.26,000905.SH
2020-02-20,5706.71,000905.SH
2020-02-21,5784.03,000905.SH
2020-02-24,5865.47,000905.SH
2020-02-25,5897.72,000905.SH
2020-02-26,5743.39,000905.SH
2020-02-27,5753.73,000905.SH
2020-02-28,5451.29,000905.SH
2020-03-02,5656.42,000905.SH
2020-03-03,5710.02,000905.SH
2020-03-04,5716.51,000905.SH
2020-03-05,5801.12,000905.SH
2020-03-06,5763.86,000905.SH
2020-03-09,5525.82,000905.SH
2020-03-10,5675.11,000905.SH
2020-03-11,5589.53,000905.SH
2020-03-12,5493.88,000905.SH
2020-03-13,5457.2,000905.SH
2020-03-16,5200.11,000905.SH
2020-03-17,5212.06,000905.SH
2020-03-18,5119.47,000905.SH
2020-03-19,5157.82,000905.SH
2020-03-20,5219.28,000905.SH
2020-03-23,4998.91,000905.SH
2020-03-24,5096.04,000905.SH
2020-03-25,5217.42,000905.SH
2020-03-26,5166.11,000905.SH
2020-03-27,5137.34,000905.SH
2020-03-30,5027.49,000905.SH
2020-03-31,5041.45,000905.SH
2020-04-01,5019.22,000905.SH
2020-04-02,5147.2,000905.SH
2020-04-03,5107.04,000905.SH
2020-04-06,5107.04,000905.SH
2020-04-07,5267.07,000905.SH
2020-04-08,5271.8,000905.SH
2020-04-09,5322.46,000905.SH
2020-04-10,5208.51,000905.SH
2020-04-13,5169.18,000905.SH
2020-04-14,5288.59,000905.SH
2020-04-15,5268.75,000905.SH
2020-04-16,5316.97,000905.SH
2020-04-17,5318.45,000905.SH
2020-04-20,5381.79,000905.SH
2020-04-21,5343.88,000905.SH
2020-04-22,5387.62,000905.SH
2020-04-23,5357.79,000905.SH
2020-04-24,5273.55,000905.SH
2020-04-27,5265.72,000905.SH
2020-04-28,5227.85,000905.SH
2020-04-29,5226.81,000905.SH
2020-04-30,5353.86,000905.SH
2020-05-01,5353.86,000905.SH
2020-05-04,5353.86,000905.SH
2020-05-05,5353.86,000905.SH
2020-05-06,5451.32,000905.SH
2020-05-07,5445.75,000905.SH
2020-05-08,5507.7,000905.SH
2020-05-11,5496.19,000905.SH
2020-05-12,5512.46,000905.SH
2020-05-13,5536.28,000905.SH
2020-05-14,5487.11,000905.SH
2020-05-15,5507.93,000905.SH
2020-05-18,5478.82,000905.SH
2020-05-19,5547.88,000905.SH
2020-05-20,5489.7,000905.SH
2020-05-21,5426.17,000905.SH
2020-05-22,5328.23,000905.SH
2020-05-25,5316.6,000905.SH
2020-05-26,5420.21,000905.SH
2020-05-27,5369.5,000905.SH
2020-05-28,5361.17,000905.SH
2020-05-29,5406.34,000905.SH
2020-06-01,5569.48,000905.SH
2020-06-02,5566.44,000905.SH
2020-06-03,5572.31,000905.SH
2020-06-04,5576.75,000905.SH
2020-06-05,5585.42,000905.SH
2020-06-08,5575.3,000905.SH
2020-06-09,5610.38,000905.SH
2020-06-10,5615.24,000905.SH
2020-06-11,5589.1,000905.SH
2020-06-12,5591.49,000905.SH
2020-06-15,5590.64,000905.SH
2020-06-16,5695.3,000905.SH
2020-06-17,5735.42,000905.SH
2020-06-18,5734.4,000905.SH
2020-06-19,5787.15,000905.SH
2020-06-22,5784.03,000905.SH
2020-06-23,5804.34,000905.SH
2020-06-24,5789.09,000905.SH
2020-06-25,5789.09,000905.SH
2020-06-26,5789.09,000905.SH
2020-06-29,5762.44,000905.SH
2020-06-30,5864.42,000905.SH
2020-07-01,5881.89,000905.SH
2020-07-02,5975.28,000905.SH
2020-07-03,6051.51,000905.SH
2020-07-06,6299.85,000905.SH
2020-07-07,6380.03,000905.SH
2020-07-08,6535.42,000905.SH
2020-07-09,6693.75,000905.SH
2020-07-10,6676.44,000905.SH
2020-07-13,6899.52,000905.SH
2020-07-14,6807.73,000905.SH
2020-07-15,6638.84,000905.SH
2020-07-16,6320.0,000905.SH
2020-07-17,6344.59,000905.SH
2020-07-20,6526.83,000905.SH
2020-07-21,6563.32,000905.SH
2020-07-22,6620.69,000905.SH
2020-07-23,6620.09,000905.SH
2020-07-24,6283.98,000905.SH
2020-07-27,6298.73,000905.SH
2020-07-28,6359.66,000905.SH
2020-07-29,6530.27,000905.SH
2020-07-30,6511.44,000905.SH
2020-07-31,6579.67,000905.SH
2020-08-03,6739.81,000905.SH
2020-08-04,6697.71,000905.SH
2020-08-05,6772.84,000905.SH
2020-08-06,6770.3,000905.SH
2020-08-07,6688.88,000905.SH
2020-08-10,6725.3,000905.SH
2020-08-11,6600.85,000905.SH
2020-08-12,6528.4,000905.SH
2020-08-13,6552.66,000905.SH
2020-08-14,6623.56,000905.SH
2020-08-17,6744.55,000905.SH
2020-08-18,6789.4,000905.SH
2020-08-19,6666.27,000905.SH
2020-08-20,6593.79,000905.SH
2020-08-21,6643.94,000905.SH
2020-08-24,6688.96,000905.SH
2020-08-25,6652.55,000905.SH
2020-08-26,6525.88,000905.SH
2020-08-27,6578.79,000905.SH
2020-08-28,6691.21,000905.SH
2020-08-31,6668.43,000905.SH
2020-09-01,6710.46,000905.SH
2020-09-02,6717.56,000905.SH
2020-09-03,6662.25,000905.SH
2020-09-04,6618.58,000905.SH
2020-09-07,6478.81,000905.SH
2020-09-08,6525.1,000905.SH
2020-09-09,6349.22,000905.SH
2020-09-10,6235.57,000905.SH
2020-09-11,6311.97,000905.SH
2020-09-14,6351.24,000905.SH
2020-09-15,6387.88,000905.SH
2020-09-16,6353.84,000905.SH
2020-09-17,6367.02,000905.SH
2020-09-18,6469.47,000905.SH
2020-09-21,6445.96,000905.SH
2020-09-22,6358.65,000905.SH
2020-09-23,6392.03,000905.SH
2020-09-24,6244.64,000905.SH
2020-09-25,6236.89,000905.SH
2020-09-28,6178.47,000905.SH
2020-09-29,6228.77,000905.SH
2020-09-30,6192.5,000905.SH
2020-10-01,6192.5,000905.SH
2020-10-02,6192.5,000905.SH
2020-10-05,6192.5,000905.SH
2020-10-06,6192.5,000905.SH
2020-10-07,6192.5,000905.SH
2020-10-08,6192.5,000905.SH
2020-10-09,6357.97,000905.SH
2020-10-12,6541.18,000905.SH
2020-10-13,6551.4,000905.SH
2020-10-14,6508.37,000905.SH
2020-10-15,6460.04,000905.SH
2020-10-16,6428.68,000905.SH
2020-10-19,6358.32,000905.SH
2020-10-20,6423.11,000905.SH
2020-10-21,6350.01,000905.SH
2020-10-22,6317.14,000905.SH
2020-10-23,6213.26,000905.SH
2020-10-26,6214.38,000905.SH
2020-10-27,6221.34,000905.SH
2020-10-28,6246.0,000905.SH
2020-10-29,6255.19,000905.SH
2020-10-30,6111.48,000905.SH
2020-11-02,6143.12,000905.SH
2020-11-03,6241.77,000905.SH
2020-11-04,6234.16,000905.SH
2020-11-05,6351.98,000905.SH
2020-11-06,6301.25,000905.SH
2020-11-09,6421.65,000905.SH
2020-11-10,6373.09,000905.SH
2020-11-11,6294.61,000905.SH
2020-11-12,6315.49,000905.SH
2020-11-13,6306.97,000905.SH
2020-11-16,6387.37,000905.SH
2020-11-17,6336.94,000905.SH
2020-11-18,6341.01,000905.SH
2020-11-19,6360.6,000905.SH
2020-11-20,6422.99,000905.SH
2020-11-23,6472.93,000905.SH
2020-11-24,6475.19,000905.SH
2020-11-25,6350.37,000905.SH
2020-11-26,6334.3,000905.SH
2020-11-27,6351.61,000905.SH
2020-11-30,6320.94,000905.SH
2020-12-01,6426.62,000905.SH
2020-12-02,6434.98,000905.SH
2020-12-03,6440.88,000905.SH
2020-12-04,6464.73,000905.SH
2020-12-07,6424.68,000905.SH
2020-12-08,6423.65,000905.SH
2020-12-09,6307.22,000905.SH
2020-12-10,6320.1,000905.SH
2020-12-11,6209.43,000905.SH
2020-12-14,6259.02,000905.SH
2020-12-15,6265.58,000905.SH
2020-12-16,6235.44,000905.SH
2020-12-17,6308.9,000905.SH
2020-12-18,6291.92,000905.SH
2020-12-21,6398.6,000905.SH
2020-12-22,6250.06,000905.SH
2020-12-23,6307.6,000905.SH
2020-12-24,6205.22,000905.SH
2020-12-25,6278.5,000905.SH
2020-12-28,6244.48,000905.SH
2020-12-29,6199.85,000905.SH
2020-12-30,6269.25,000905.SH
2020-12-31,6367.11,000905.SH
2021-01-04,6482.79,000905.SH
2021-01-05,6539.73,000905.SH
2021-01-06,6528.14,000905.SH
2021-01-07,6538.12,000905.SH
2021-01-08,6557.6,000905.SH
2021-01-11,6455.4,000905.SH
2021-01-12,6543.23,000905.SH
2021-01-13,6496.91,000905.SH
2021-01-14,6439.89,000905.SH
2021-01-15,6417.5,000905.SH
2021-01-18,6514.46,000905.SH
2021-01-19,6476.37,000905.SH
2021-01-20,6535.42,000905.SH
2021-01-21,6622.5,000905.SH
2021-01-22,6637.81,000905.SH
2021-01-25,6645.31,000905.SH
2021-01-26,6532.96,000905.SH
2021-01-27,6557.16,000905.SH
2021-01-28,6414.38,000905.SH
2021-01-29,6346.14,000905.SH
2021-02-01,6393.28,000905.SH
2021-02-02,6454.79,000905.SH
2021-02-03,6399.33,000905.SH
2021-02-04,6328.79,000905.SH
2021-02-05,6239.87,000905.SH
2021-02-08,6323.16,000905.SH
2021-02-09,6457.88,000905.SH
2021-02-10,6525.17,000905.SH
2021-02-11,6525.17,000905.SH
2021-02-12,6525.17,000905.SH
2021-02-16,6525.17,000905.SH
2021-02-17,6525.17,000905.SH
2021-02-18,6614.54,000905.SH
2021-02-19,6703.48,000905.SH
2021-02-22,6657.06,000905.SH
2021-02-23,6631.23,000905.SH
2021-02-24,6536.19,000905.SH
2021-02-25,6499.15,000905.SH
2021-02-26,6364.35,000905.SH
2021-03-01,6488.44,000905.SH
2021-03-02,6433.33,000905.SH
2021-03-03,6524.75,000905.SH
2021-03-04,6401.99,000905.SH
2021-03-05,6403.5,000905.SH
2021-03-08,6256.41,000905.SH
2021-03-09,6108.0,000905.SH
2021-03-10,6062.26,000905.SH
2021-03-11,6213.83,000905.SH
2021-03-12,6222.38,000905.SH
2021-03-15,6173.87,000905.SH
2021-03-16,6195.24,000905.SH
2021-03-17,6225.36,000905.SH
2021-03-18,6273.86,000905.SH
2021-03-19,6206.6,000905.SH
2021-03-22,6305.69,000905.SH
2021-03-23,6219.17,000905.SH
2021-03-24,6142.54,000905.SH
2021-03-25,6157.41,000905.SH
2021-03-26,6251.79,000905.SH
2021-03-29,6254.94,000905.SH
2021-03-30,6280.36,000905.SH
2021-03-31,6254.07,000905.SH
2021-04-01,6311.66,000905.SH
2021-04-02,6326.61,000905.SH
2021-04-05,6326.61,000905.SH
2021-04-06,6343.1,000905.SH
2021-04-07,6348.08,000905.SH
2021-04-08,6356.75,000905.SH
2021-04-09,6335.24,000905.SH
2021-04-12,6226.42,000905.SH
2021-04-13,6209.78,000905.SH
2021-04-14,6277.21,000905.SH
2021-04-15,6276.46,000905.SH
2021-04-16,6339.59,000905.SH
2021-04-19,6425.26,000905.SH
2021-04-20,6428.54,000905.SH
2021-04-21,6420.26,000905.SH
2021-04-22,6445.47,000905.SH
2021-04-23,6462.76,000905.SH
2021-04-26,6442.65,000905.SH
2021-04-27,6446.28,000905.SH
2021-04-28,6489.74,000905.SH
2021-04-29,6491.93,000905.SH
2021-04-30,6485.71,000905.SH
2021-05-03,6485.71,000905.SH
2021-05-04,6485.71,000905.SH
2021-05-05,6485.71,000905.SH
2021-05-06,6489.35,000905.SH
2021-05-07,6444.44,000905.SH
2021-05-10,6475.99,000905.SH
2021-05-11,6456.04,000905.SH
2021-05-12,6512.05,000905.SH
2021-05-13,6439.03,000905.SH
2021-05-14,6525.8,000905.SH
2021-05-17,6578.14,000905.SH
2021-05-18,6599.6,000905.SH
2021-05-19,6584.39,000905.SH
2021-05-20,6548.71,000905.SH
2021-05-21,6527.86,000905.SH
2021-05-24,6544.12,000905.SH
2021-05-25,6619.67,000905.SH
2021-05-26,6628.21,000905.SH
2021-05-27,6685.41,000905.SH
2021-05-28,6668.17,000905.SH
2021-05-31,6728.99,000905.SH
2021-06-01,6739.76,000905.SH
2021-06-02,6681.43,000905.SH
2021-06-03,6667.73,000905.SH
2021-06-04,6693.06,000905.SH
2021-06-07,6721.5,000905.SH
2021-06-08,6684.56,000905.SH
2021-06-09,6692.9,000905.SH
2021-06-10,6765.64,000905.SH
2021-06-11,6725.92,000905.SH
2021-06-14,6725.92,000905.SH
2021-06-15,6663.66,000905.SH
2021-06-16,6566.29,000905.SH
2021-06-17,6616.17,000905.SH
2021-06-18,6657.76,000905.SH
2021-06-21,6707.18,000905.SH
2021-06-22,6739.79,000905.SH
2021-06-23,6789.95,000905.SH
2021-06-24,6754.87,000905.SH
2021-06-25,6813.41,000905.SH
2021-06-28,6828.52,000905.SH
2021-06-29,6765.42,000905.SH
2021-06-30,6808.18,000905.SH
2021-07-01,6716.67,000905.SH
2021-07-02,6658.04,000905.SH
2021-07-05,6711.01,000905.SH
2021-07-06,6709.5,000905.SH
2021-07-07,6764.13,000905.SH
2021-07-08,6748.65,000905.SH
2021-07-09,6804.54,000905.SH
2021-07-12,6904.38,000905.SH
2021-07-13,6961.85,000905.SH
2021-07-14,6898.75,000905.SH
2021-07-15,6932.41,000905.SH
2021-07-16,6925.12,000905.SH
2021-07-19,6889.34,000905.SH
2021-07-20,6901.13,000905.SH
2021-07-21,6984.54,000905.SH
2021-07-22,7026.55,000905.SH
2021-07-23,6985.75,000905.SH
2021-07-26,6868.21,000905.SH
2021-07-27,6719.26,000905.SH
2021-07-28,6621.98,000905.SH
2021-07-29,6758.89,000905.SH
2021-07-30,6767.32,000905.SH
2021-08-02,6872.0,000905.SH
2021-08-03,6816.01,000905.SH
2021-08-04,6931.34,000905.SH
2021-08-05,6911.83,000905.SH
2021-08-06,6938.87,000905.SH
2021-08-09,6979.53,000905.SH
2021-08-10,7019.23,000905.SH
2021-08-11,7073.52,000905.SH
2021-08-12,7095.2,000905.SH
2021-08-13,7088.89,000905.SH
2021-08-16,7052.49,000905.SH
2021-08-17,6894.4,000905.SH
2021-08-18,6941.01,000905.SH
2021-08-19,6947.06,000905.SH
2021-08-20,6920.02,000905.SH
2021-08-23,7024.56,000905.SH
2021-08-24,7090.78,000905.SH
2021-08-25,7153.0,000905.SH
2021-08-26,7118.84,000905.SH
2021-08-27,7180.11,000905.SH
2021-08-30,7226.88,000905.SH
2021-08-31,7255.34,000905.SH
2021-09-01,7193.1,000905.SH
2021-09-02,7307.01,000905.SH
2021-09-03,7278.68,000905.SH
2021-09-06,7355.4,000905.SH
2021-09-07,7498.93,000905.SH
2021-09-08,7544.04,000905.SH
2021-09-09,7617.45,000905.SH
2021-09-10,7607.67,000905.SH
2021-09-13,7648.75,000905.SH
2021-09-14,7556.62,000905.SH
2021-09-15,7592.31,000905.SH
2021-09-16,7446.94,000905.SH
2021-09-17,7395.56,000905.SH
2021-09-20,7395.56,000905.SH
2021-09-21,7395.56,000905.SH
2021-09-22,7453.62,000905.SH
2021-09-23,7502.84,000905.SH
2021-09-24,7380.38,000905.SH
2021-09-27,7170.59,000905.SH
2021-09-28,7198.9,000905.SH
2021-09-29,7010.22,000905.SH
2021-09-30,7103.61,000905.SH
2021-10-01,7103.61,000905.SH
2021-10-04,7103.61,000905.SH
2021-10-05,7103.61,000905.SH
2021-10-06,7103.61,000905.SH
2021-10-07,7103.61,000905.SH
2021-10-08,7091.34,000905.SH
2021-10-11,7090.47,000905.SH
2021-10-12,6952.19,000905.SH
2021-10-13,6981.59,000905.SH
2021-10-14,7008.33,000905.SH
2021-10-15,7024.16,000905.SH
2021-10-18,7068.1,000905.SH
2021-10-19,7120.38,000905.SH
2021-10-20,7118.8,000905.SH
2021-10-21,7098.25,000905.SH
2021-10-22,7026.07,000905.SH
2021-10-25,7103.99,000905.SH
2021-10-26,7102.43,000905.SH
2021-10-27,7048.6,000905.SH
2021-10-28,6950.28,000905.SH
2021-10-29,7022.5,000905.SH
2021-11-01,7060.76,000905.SH
2021-11-02,6985.1,000905.SH
2021-11-03,7017.85,000905.SH
2021-11-04,7073.85,000905.SH
2021-11-05,6991.91,000905.SH
2021-11-08,7026.97,000905.SH
2021-11-09,7081.75,000905.SH
2021-11-10,7062.33,000905.SH
2021-11-11,7119.86,000905.SH
2021-11-12,7156.61,000905.SH
2021-11-15,7098.21,000905.SH
2021-11-16,7045.94,000905.SH
2021-11-17,7104.53,000905.SH
2021-11-18,7084.68,000905.SH
2021-11-19,7169.88,000905.SH
2021-11-22,7255.07,000905.SH
2021-11-23,7261.38,000905.SH
2021-11-24,7256.11,000905.SH
2021-11-25,7233.54,000905.SH
2021-11-26,7219.86,000905.SH
2021-11-29,7221.9,000905.SH
2021-11-30,7252.76,000905.SH
2021-12-01,7272.84,000905.SH
2021-12-02,7229.99,000905.SH
2021-12-03,7301.92,000905.SH
2021-12-06,7240.46,000905.SH
2021-12-07,7206.83,000905.SH
2021-12-08,7302.99,000905.SH
2021-12-09,7320.32,000905.SH
2021-12-10,7306.65,000905.SH
2021-12-13,7353.03,000905.SH
2021-12-14,7324.13,000905.SH
2021-12-15,7314.26,000905.SH
2021-12-16,7381.0,000905.SH
2021-12-17,7314.56,000905.SH
2021-12-20,7195.97,000905.SH
2021-12-21,7275.47,000905.SH
2021-12-22,7302.46,000905.SH
2021-12-23,7337.19,000905.SH
2021-12-24,7278.76,000905.SH
2021-12-27,7272.75,000905.SH
2021-12-28,7286.03,000905.SH
2021-12-29,7247.77,000905.SH
2021-12-30,7310.96,000905.SH
2021-12-31,7359.4,000905.SH
2022-01-03,7359.4,000905.SH
2022-01-04,7354.46,000905.SH
2022-01-05,7222.67,000905.SH
2022-01-06,7229.96,000905.SH
2022-01-07,7175.68,000905.SH
2022-01-10,7191.45,000905.SH
2022-01-11,7135.22,000905.SH
2022-01-12,7196.93,000905.SH
2022-01-13,7097.76,000905.SH
2022-01-14,7081.14,000905.SH
2022-01-17,7157.86,000905.SH
2022-01-18,7163.16,000905.SH
2022-01-19,7118.76,000905.SH
2022-01-20,7056.79,000905.SH
2022-01-21,6976.62,000905.SH
2022-01-24,6979.25,000905.SH
2022-01-25,6743.96,000905.SH
2022-01-26,6782.58,000905.SH
2022-01-27,6605.92,000905.SH
2022-01-28,6580.53,000905.SH
2022-01-31,6580.53,000905.SH
2022-02-01,6580.53,000905.SH
2022-02-02,6580.53,000905.SH
2022-02-03,6580.53,000905.SH
2022-02-04,6580.53,000905.SH
2022-02-07,6676.61,000905.SH
2022-02-08,6742.19,000905.SH
2022-02-09,6843.03,000905.SH
2022-02-10,6840.48,000905.SH
2022-02-11,6745.02,000905.SH
2022-02-14,6695.7,000905.SH
2022-02-15,6760.28,000905.SH
2022-02-16,6772.03,000905.SH
2022-02-17,6768.79,000905.SH
2022-02-18,6835.02,000905.SH
2022-02-21,6867.11,000905.SH
2022-02-22,6784.76,000905.SH
2022-02-23,6887.42,000905.SH
2022-02-24,6764.88,000905.SH
2022-02-25,6819.43,000905.SH
2022-02-28,6853.31,000905.SH
2022-03-01,6874.04,000905.SH
2022-03-02,6875.24,000905.SH
2022-03-03,6859.55,000905.SH
2022-03-04,6803.83,000905.SH
2022-03-07,6659.39,000905.SH
2022-03-08,6429.89,000905.SH
2022-03-09,6305.61,000905.SH
2022-03-10,6414.94,000905.SH
2022-03-11,6474.13,000905.SH
2022-03-14,6323.58,000905.SH
2022-03-15,5964.98,000905.SH
2022-03-16,6156.27,000905.SH
2022-03-17,6267.52,000905.SH
2022-03-18,6332.22,000905.SH
2022-03-21,6358.94,000905.SH
2022-03-22,6358.11,000905.SH
2022-03-23,6398.1,000905.SH
2022-03-24,6344.12,000905.SH
2022-03-25,6268.24,000905.SH
2022-03-28,6283.28,000905.SH
2022-03-29,6253.07,000905.SH
2022-03-30,6377.87,000905.SH
2022-03-31,6324.96,000905.SH
2022-04-01,6364.52,000905.SH
2022-04-04,6364.52,000905.SH
2022-04-05,6364.52,000905.SH
2022-04-06,6356.93,000905.SH
2022-04-07,6221.59,000905.SH
2022-04-08,6224.12,000905.SH
2022-04-11,6029.89,000905.SH
2022-04-12,6126.91,000905.SH
2022-04-13,6044.33,000905.SH
2022-04-14,6126.49,000905.SH
2022-04-15,6070.75,000905.SH
2022-04-18,6074.01,000905.SH
2022-04-19,6092.4,000905.SH
2022-04-20,5956.92,000905.SH
2022-04-21,5759.8,000905.SH
2022-04-22,5740.98,000905.SH
2022-04-25,5369.72,000905.SH
2022-04-26,5234.01,000905.SH
2022-04-27,5437.04,000905.SH
2022-04-28,5418.76,000905.SH
2022-04-29,5627.9,000905.SH
2022-05-02,5627.9,000905.SH
2022-05-03,5627.9,000905.SH
2022-05-04,5627.9,000905.SH
2022-05-05,5686.7,000905.SH
2022-05-06,5563.77,000905.SH
2022-05-09,5608.52,000905.SH
2022-05-10,5690.09,000905.SH
2022-05-11,5737.82,000905.SH
2022-05-12,5743.1,000905.SH
2022-05-13,5796.8,000905.SH
2022-05-16,5791.08,000905.SH
2022-05-17,5816.34,000905.SH
2022-05-18,5797.49,000905.SH
2022-05-19,5838.41,000905.SH
2022-05-20,5929.49,000905.SH
2022-05-23,5965.73,000905.SH
2022-05-24,5745.68,000905.SH
2022-05-25,5844.25,000905.SH
2022-05-26,5911.56,000905.SH
2022-05-27,5899.92,000905.SH
2022-05-30,5942.83,000905.SH
2022-05-31,6026.24,000905.SH
2022-06-01,6023.64,000905.SH
2022-06-02,6078.44,000905.SH
2022-06-03,6078.44,000905.SH
2022-06-06,6187.44,000905.SH
2022-06-07,6186.57,000905.SH
2022-06-08,6217.83,000905.SH
2022-06-09,6130.69,000905.SH
2022-06-10,6240.1,000905.SH
2022-06-13,6233.62,000905.SH
2022-06-14,6275.57,000905.SH
2022-06-15,6261.06,000905.SH
2022-06-16,6264.82,000905.SH
2022-06-17,6316.31,000905.SH
2022-06-20,6330.39,000905.SH
2022-06-21,6277.0,000905.SH
2022-06-22,6179.57,000905.SH
2022-06-23,6300.47,000905.SH
2022-06-24,6368.28,000905.SH
2022-06-27,6407.74,000905.SH
2022-06-28,6501.35,000905.SH
2022-06-29,6374.3,000905.SH
2022-06-30,6454.08,000905.SH
2022-07-01,6438.54,000905.SH
2022-07-04,6523.13,000905.SH
2022-07-05,6511.53,000905.SH
2022-07-06,6418.55,000905.SH
2022-07-07,6452.99,000905.SH
2022-07-08,6404.44,000905.SH
2022-07-11,6319.14,000905.SH
2022-07-12,6241.48,000905.SH
2022-07-13,6268.49,000905.SH
2022-07-14,6302.43,000905.SH
2022-07-15,6196.8,000905.SH
2022-07-18,6312.36,000905.SH
2022-07-19,6335.71,000905.SH
2022-07-20,6410.71,000905.SH
2022-07-21,6347.6,000905.SH
2022-07-22,6289.53,000905.SH
2022-07-25,6231.24,000905.SH
2022-07-26,6307.96,000905.SH
2022-07-27,6332.23,000905.SH
2022-07-28,6348.17,000905.SH
2022-07-29,6294.11,000905.SH
2022-08-01,6347.22,000905.SH
2022-08-02,6170.0,000905.SH
2022-08-03,6124.31,000905.SH
2022-08-04,6158.73,000905.SH
2022-08-05,6270.51,000905.SH
2022-08-08,6323.07,000905.SH
2022-08-09,6341.48,000905.SH
2022-08-10,6322.06,000905.SH
2022-08-11,6439.36,000905.SH
2022-08-12,6420.85,000905.SH
2022-08-15,6442.81,000905.SH
2022-08-16,6465.19,000905.SH
2022-08-17,6493.5,000905.SH
2022-08-18,6468.81,000905.SH
2022-08-19,6391.72,000905.SH
2022-08-22,6472.68,000905.SH
2022-08-23,6466.4,000905.SH
2022-08-24,6284.58,000905.SH
2022-08-25,6322.7,000905.SH
2022-08-26,6298.37,000905.SH
2022-08-29,6310.4,000905.SH
2022-08-30,6285.93,000905.SH
2022-08-31,6155.75,000905.SH
2022-09-01,6126.77,000905.SH
2022-09-02,6149.43,000905.SH
2022-09-05,6182.65,000905.SH
2022-09-06,6291.57,000905.SH
2022-09-07,6301.56,000905.SH
2022-09-08,6272.58,000905.SH
2022-09-09,6316.97,000905.SH
2022-09-12,6316.97,000905.SH
2022-09-13,6300.42,000905.SH
2022-09-14,6249.96,000905.SH
2022-09-15,6107.8,000905.SH
2022-09-16,5954.5,000905.SH
2022-09-19,5913.15,000905.SH
2022-09-20,5958.29,000905.SH
2022-09-21,5978.58,000905.SH
2022-09-22,5965.89,000905.SH
2022-09-23,5889.6,000905.SH
2022-09-26,5806.32,000905.SH
2022-09-27,5920.05,000905.SH
2022-09-28,5769.52,000905.SH
2022-09-29,5771.88,000905.SH
2022-09-30,5714.06,000905.SH
2022-10-03,5714.06,000905.SH
2022-10-04,5714.06,000905.SH
2022-10-05,5714.06,000905.SH
2022-10-06,5714.06,000905.SH
2022-10-07,5714.06,000905.SH
2022-10-10,5635.71,000905.SH
2022-10-11,5684.51,000905.SH
2022-10-12,5820.45,000905.SH
2022-10-13,5830.34,000905.SH
2022-10-14,5973.44,000905.SH
2022-10-17,6015.6,000905.SH
2022-10-18,6035.67,000905.SH
2022-10-19,5972.72,000905.SH
2022-10-20,5948.86,000905.SH
2022-10-21,5956.88,000905.SH
2022-10-24,5896.9,000905.SH
2022-10-25,5869.78,000905.SH
2022-10-26,5971.6,000905.SH
2022-10-27,5963.0,000905.SH
2022-10-28,5781.8,000905.SH
2022-10-31,5807.11,000905.SH
2022-11-01,5941.15,000905.SH
2022-11-02,5997.8,000905.SH
2022-11-03,5996.72,000905.SH
2022-11-04,6133.46,000905.SH
2022-11-07,6141.41,000905.SH
2022-11-08,6134.26,000905.SH
2022-11-09,6120.83,000905.SH
2022-11-10,6089.7,000905.SH
2022-11-11,6138.62,000905.SH
2022-11-14,6129.51,000905.SH
2022-11-15,6236.38,000905.SH
2022-11-16,6203.92,000905.SH
2022-11-17,6217.21,000905.SH
2022-11-18,6191.65,000905.SH
2022-11-21,6189.71,000905.SH
2022-11-22,6125.4,000905.SH
2022-11-23,6115.6,000905.SH
2022-11-24,6120.07,000905.SH
2022-11-25,6087.86,000905.SH
2022-11-28,6055.28,000905.SH
2022-11-29,6163.82,000905.SH
2022-11-30,6156.15,000905.SH
2022-12-01,6186.1,000905.SH
2022-12-02,6168.01,000905.SH
2022-12-05,6215.12,000905.SH
2022-12-06,6211.25,000905.SH
2022-12-07,6204.0,000905.SH
2022-12-08,6186.28,000905.SH
2022-12-09,6192.3,000905.SH
2022-12-12,6154.81,000905.SH
2022-12-13,6121.66,000905.SH
2022-12-14,6096.39,000905.SH
2022-12-15,6101.88,000905.SH
2022-12-16,6072.86,000905.SH
2022-12-19,5936.48,000905.SH
2022-12-20,5878.03,000905.SH
2022-12-21,5845.83,000905.SH
2022-12-22,5779.06,000905.SH
2022-12-23,5763.35,000905.SH
2022-12-26,5843.26,000905.SH
2022-12-27,5885.66,000905.SH
2022-12-28,5862.1,000905.SH
2022-12-29,5857.4,000905.SH
2022-12-30,5864.47,000905.SH
2023-01-03,5955.9,000905.SH
2023-01-04,5952.45,000905.SH
2023-01-05,6010.46,000905.SH
2023-01-06,6012.82,000905.SH
2023-01-09,6040.02,000905.SH
2023-01-10,6048.3,000905.SH
2023-01-11,6014.16,000905.SH
2023-01-12,6015.29,000905.SH
2023-01-13,6057.69,000905.SH
2023-01-16,6126.18,000905.SH
2023-01-17,6132.64,000905.SH
2023-01-18,6151.46,000905.SH
2023-01-19,6204.33,000905.SH
2023-01-20,6251.43,000905.SH
2023-01-23,6251.43,000905.SH
2023-01-24,6251.43,000905.SH
2023-01-25,6251.43,000905.SH
2023-01-26,6251.43,000905.SH
2023-01-27,6251.43,000905.SH
2023-01-30,6283.33,000905.SH
2023-01-31,6289.15,000905.SH
2023-02-01,6365.91,000905.SH
2023-02-02,6370.14,000905.SH
2023-02-03,6343.69,000905.SH
2023-02-06,6302.33,000905.SH
2023-02-07,6317.24,000905.SH
2023-02-08,6268.28,000905.SH
2023-02-09,6354.56,000905.SH
2023-02-10,6334.25,000905.SH
2023-02-13,6383.83,000905.SH
2023-02-14,6397.21,000905.SH
2023-02-15,6384.35,000905.SH
2023-02-16,6289.48,000905.SH
2023-02-17,6237.41,000905.SH
2023-02-20,6346.07,000905.SH
2023-02-21,6383.42,000905.SH
2023-02-22,6375.07,000905.SH
2023-02-23,6360.32,000905.SH
2023-02-24,6340.84,000905.SH
2023-02-27,6307.21,000905.SH
2023-02-28,6357.54,000905.SH
2023-03-01,6402.14,000905.SH
2023-03-02,6382.23,000905.SH
2023-03-03,6390.32,000905.SH
2023-03-06,6395.22,000905.SH
2023-03-07,6284.3,000905.SH
2023-03-08,6301.52,000905.SH
2023-03-09,6285.95,000905.SH
2023-03-10,6204.9,000905.SH
2023-03-13,6245.0,000905.SH
2023-03-14,6189.4,000905.SH
2023-03-15,6224.64,000905.SH
2023-03-16,6140.83,000905.SH
2023-03-17,6183.18,000905.SH
2023-03-20,6160.35,000905.SH
2023-03-21,6234.68,000905.SH
2023-03-22,6269.74,000905.SH
2023-03-23,6305.76,000905.SH
2023-03-24,6310.1,000905.SH
2023-03-27,6311.6,000905.SH
2023-03-28,6279.92,000905.SH
2023-03-29,6260.55,000905.SH
2023-03-30,6286.18,000905.SH
2023-03-31,6339.82,000905.SH
2023-04-03,6413.81,000905.SH
2023-04-04,6408.9,000905.SH
2023-04-05,6408.9,000905.SH
2023-04-06,6416.85,000905.SH
2023-04-07,6464.47,000905.SH
2023-04-10,6410.52,000905.SH
2023-04-11,6420.88,000905.SH
2023-04-12,6443.44,000905.SH
2023-04-13,6404.65,000905.SH
2023-04-14,6431.07,000905.SH
2023-04-17,6459.24,000905.SH
2023-04-18,6449.85,000905.SH
2023-04-19,6416.97,000905.SH
2023-04-20,6411.76,000905.SH
2023-04-21,6250.54,000905.SH
2023-04-24,6208.78,000905.SH
2023-04-25,6118.15,000905.SH
2023-04-26,6142.15,000905.SH
2023-04-27,6157.94,000905.SH
2023-04-28,6241.24,000905.SH
2023-05-01,6241.24,000905.SH
2023-05-02,6241.24,000905.SH
2023-05-03,6241.24,000905.SH
2023-05-04,6262.39,000905.SH
2023-05-05,6200.58,000905.SH
2023-05-08,6248.58,000905.SH
2023-05-09,6181.98,000905.SH
2023-05-10,6173.81,000905.SH
2023-05-11,6154.47,000905.SH
2023-05-12,6091.65,000905.SH
2023-05-15,6159.39,000905.SH
2023-05-16,6110.83,000905.SH
2023-05-17,6122.05,000905.SH
2023-05-18,6128.18,000905.SH
2023-05-19,6117.08,000905.SH
2023-05-22,6115.31,000905.SH
2023-05-23,6052.43,000905.SH
2023-05-24,6005.79,000905.SH
2023-05-25,5988.19,000905.SH
2023-05-26,6034.98,000905.SH
2023-05-29,6025.16,000905.SH
2023-05-30,6061.31,000905.SH
2023-05-31,6047.8,000905.SH
2023-06-01,6051.46,000905.SH
2023-06-02,6105.22,000905.SH
2023-06-05,6097.11,000905.SH
2023-06-06,5983.42,000905.SH
2023-06-07,5987.01,000905.SH
2023-06-08,5966.15,000905.SH
2023-06-09,6009.58,000905.SH
2023-06-12,6027.71,000905.SH
2023-06-13,6044.04,000905.SH
2023-06-14,6044.08,000905.SH
2023-06-15,6096.81,000905.SH
2023-06-16,6148.01,000905.SH
2023-06-19,6131.38,000905.SH
2023-06-20,6126.11,000905.SH
2023-06-21,5990.85,000905.SH
2023-06-22,5990.85,000905.SH
2023-06-23,5990.85,000905.SH
2023-06-26,5887.03,000905.SH
2023-06-27,5948.0,000905.SH
2023-06-28,5942.31,000905.SH
2023-06-29,5940.58,000905.SH
2023-06-30,5998.73,000905.SH
2023-07-03,6042.31,000905.SH
2023-07-04,6055.26,000905.SH
2023-07-05,6020.82,000905.SH
2023-07-06,5988.55,000905.SH
2023-07-07,5961.61,000905.SH
2023-07-10,5984.28,000905.SH
2023-07-11,6029.23,000905.SH
2023-07-12,5962.79,000905.SH
2023-07-13,6044.06,000905.SH
2023-07-14,6030.52,000905.SH
2023-07-17,6012.69,000905.SH
2023-07-18,6001.8,000905.SH
2023-07-19,5993.41,000905.SH
2023-07-20,5925.48,000905.SH
2023-07-21,5925.63,000905.SH
2023-07-24,5916.71,000905.SH
2023-07-25,6016.63,000905.SH
2023-07-26,6001.54,000905.SH
2023-07-27,5961.18,000905.SH
2023-07-28,6043.24,000905.SH
2023-07-31,6088.24,000905.SH
2023-08-01,6098.88,000905.SH
2023-08-02,6077.46,000905.SH
2023-08-03,6098.69,000905.SH
2023-08-04,6128.56,000905.SH
2023-08-07,6090.73,000905.SH
2023-08-08,6066.1,000905.SH
2023-08-09,6021.75,000905.SH
2023-08-10,6031.71,000905.SH
2023-08-11,5913.35,000905.SH
2023-08-14,5916.8,000905.SH
2023-08-15,5879.78,000905.SH
2023-08-16,5833.22,000905.SH
2023-08-17,5874.36,000905.SH
2023-08-18,5777.8,000905.SH
2023-08-21,5710.78,000905.SH
2023-08-22,5741.06,000905.SH
2023-08-23,5629.5,000905.SH
2023-08-24,5652.67,000905.SH
2023-08-25,5581.21,000905.SH
2023-08-28,5644.14,000905.SH
2023-08-29,5770.32,000905.SH
2023-08-30,5775.15,000905.SH
2023-08-31,5739.4,000905.SH
2023-09-01,5750.8,000905.SH
2023-09-04,5829.78,000905.SH
2023-09-05,5788.71,000905.SH
2023-09-06,5790.38,000905.SH
2023-09-07,5702.7,000905.SH
2023-09-08,5708.62,000905.SH
2023-09-11,5774.73,000905.SH
2023-09-12,5770.93,000905.SH
2023-09-13,5715.4,000905.SH
2023-09-14,5702.1,000905.SH
2023-09-15,5704.66,000905.SH
2023-09-18,5719.69,000905.SH
2023-09-19,5687.9,000905.SH
2023-09-20,5651.01,000905.SH
2023-09-21,5611.92,000905.SH
2023-09-22,5698.82,000905.SH
2023-09-25,5666.66,000905.SH
2023-09-26,5646.65,000905.SH
2023-09-27,5674.35,000905.SH
2023-09-28,5690.77,000905.SH
2023-09-29,5690.77,000905.SH
2023-10-02,5690.77,000905.SH
2023-10-03,5690.77,000905.SH
2023-10-04,5690.77,000905.SH
2023-10-05,5690.77,000905.SH
2023-10-06,5690.77,000905.SH
2023-10-09,5658.08,000905.SH
2023-10-10,5630.37,000905.SH
2023-10-11,5629.79,000905.SH
2023-10-12,5671.64,000905.SH
2023-10-13,5633.38,000905.SH
2023-10-16,5580.67,000905.SH
2023-10-17,5595.34,000905.SH
2023-10-18,5524.6,000905.SH
2023-10-19,5464.03,000905.SH
2023-10-20,5423.67,000905.SH
2023-10-23,5290.33,000905.SH
2023-10-24,5352.01,000905.SH
2023-10-25,5376.0,000905.SH
2023-10-26,5398.93,000905.SH
2023-10-27,5492.03,000905.SH
2023-10-30,5546.39,000905.SH
2023-10-31,5528.24,000905.SH
2023-11-01,5509.97,000905.SH
2023-11-02,5459.45,000905.SH
2023-11-03,5510.36,000905.SH
2023-11-06,5605.06,000905.SH
2023-11-07,5611.1,000905.SH
2023-11-08,5608.02,000905.SH
2023-11-09,5592.06,000905.SH
2023-11-10,5573.1,000905.SH
2023-11-13,5605.57,000905.SH
2023-11-14,5630.55,000905.SH
2023-11-15,5664.62,000905.SH
2023-11-16,5609.36,000905.SH
2023-11-17,5631.42,000905.SH
2023-11-20,5659.77,000905.SH
2023-11-21,5641.08,000905.SH
2023-11-22,5572.9,000905.SH
2023-11-23,5622.99,000905.SH
2023-11-24,5570.42,000905.SH
2023-11-27,5566.51,000905.SH
2023-11-28,5591.5,000905.SH
2023-11-29,5553.33,000905.SH
2023-11-30,5545.05,000905.SH
2023-12-01,5566.87,000905.SH
2023-12-04,5559.07,000905.SH
2023-12-05,5460.41,000905.SH
2023-12-06,5481.82,000905.SH
2023-12-07,5481.14,000905.SH
2023-12-08,5497.99,000905.SH
2023-12-11,5564.85,000905.SH
2023-12-12,5566.18,000905.SH
2023-12-13,5507.51,000905.SH
2023-12-14,5489.33,000905.SH
2023-12-15,5449.79,000905.SH
2023-12-18,5385.27,000905.SH
2023-12-19,5379.87,000905.SH
2023-12-20,5309.29,000905.SH
2023-12-21,5338.76,000905.SH
2023-12-22,5311.69,000905.SH
2023-12-25,5315.37,000905.SH
2023-12-26,5258.28,000905.SH
2023-12-27,5285.53,000905.SH
2023-12-28,5382.8,000905.SH
2023-12-29,5429.23,000905.SH
2024-01-02,5409.46,000905.SH
2024-01-03,5401.4,000905.SH
2024-01-04,5355.32,000905.SH
2024-01-05,5281.87,000905.SH
2024-01-08,5167.7,000905.SH
2024-01-09,5180.65,000905.SH
2024-01-10,5158.08,000905.SH
2024-01-11,5223.86,000905.SH
2024-01-12,5206.18,000905.SH
2024-01-15,5193.3,000905.SH
2024-01-16,5190.4,000905.SH
2024-01-17,5061.54,000905.SH
2024-01-18,5066.96,000905.SH
2024-01-19,5018.43,000905.SH
2024-01-22,4780.97,000905.SH
2024-01-23,4865.74,000905.SH
2024-01-24,4933.7,000905.SH
2024-01-25,5073.18,000905.SH
2024-01-26,5027.09,000905.SH
2024-01-29,4927.91,000905.SH
2024-01-30,4814.99,000905.SH
2024-01-31,4696.98,000905.SH
2024-02-01,4678.73,000905.SH
2024-02-02,4563.22,000905.SH
2024-02-05,4460.26,000905.SH
2024-02-06,4805.9,000905.SH
2024-02-07,5109.57,000905.SH
2024-02-08,5150.23,000905.SH
2024-02-09,5150.23,000905.SH
2024-02-12,5150.23,000905.SH
2024-02-13,5150.23,000905.SH
2024-02-14,5150.23,000905.SH
2024-02-15,5150.23,000905.SH
2024-02-16,5150.23,000905.SH
2024-02-19,5141.6,000905.SH
2024-02-20,5140.96,000905.SH
2024-02-21,5139.04,000905.SH
2024-02-22,5176.34,000905.SH
2024-02-23,5197.71,000905.SH
2024-02-26,5195.46,000905.SH
2024-02-27,5307.8,000905.SH
2024-02-28,5184.05,000905.SH
2024-02-29,5346.79,000905.SH
2024-03-01,5379.05,000905.SH
2024-03-04,5388.82,000905.SH
2024-03-05,5351.83,000905.SH
2024-03-06,5350.1,000905.SH
2024-03-07,5277.3,000905.SH
2024-03-08,5349.6,000905.SH
2024-03-11,5441.05,000905.SH
2024-03-12,5423.72,000905.SH
2024-03-13,5415.11,000905.SH
2024-03-14,5392.93,000905.SH
2024-03-15,5454.15,000905.SH
2024-03-18,5528.45,000905.SH
2024-03-19,5478.22,000905.SH
2024-03-20,5493.41,000905.SH
2024-03-21,5465.83,000905.SH
2024-03-22,5384.57,000905.SH
2024-03-25,5294.75,000905.SH
2024-03-26,5284.42,000905.SH
2024-03-27,5156.68,000905.SH
2024-03-28,5223.81,000905.SH
2024-03-29,5286.16,000905.SH
2024-04-01,5401.23,000905.SH
2024-04-02,5381.23,000905.SH
2024-04-03,5374.6,000905.SH
2024-04-04,5374.6,000905.SH
2024-04-05,5374.6,000905.SH
2024-04-08,5298.59,000905.SH
2024-04-09,5342.9,000905.SH
2024-04-10,5275.47,000905.SH
2024-04-11,5301.81,000905.SH
2024-04-12,5277.22,000905.SH
2024-04-15,5339.72,000905.SH
2024-04-16,5191.55,000905.SH
2024-04-17,5339.75,000905.SH
2024-04-18,5349.84,000905.SH
2024-04-19,5314.87,000905.SH
2024-04-22,5267.58,000905.SH
2024-04-23,5208.27,000905.SH
2024-04-24,5263.04,000905.SH
2024-04-25,5259.34,000905.SH
2024-04-26,5372.12,000905.SH
2024-04-29,5478.49,000905.SH
2024-04-30,5441.14,000905.SH
2024-05-01,5441.14,000905.SH
2024-05-02,5441.14,000905.SH
2024-05-03,5441.14,000905.SH
2024-05-06,5528.6,000905.SH
2024-05-07,5527.08,000905.SH
2024-05-08,5458.76,000905.SH
2024-05-09,5556.77,000905.SH
2024-05-10,5535.4,000905.SH
2024-05-13,5505.26,000905.SH
2024-05-14,5500.74,000905.SH
2024-05-15,5446.66,000905.SH
2024-05-16,5424.67,000905.SH
2024-05-17,5491.89,000905.SH
2024-05-20,5523.5,000905.SH
2024-05-21,5478.91,000905.SH
2024-05-22,5468.61,000905.SH
2024-05-23,5362.31,000905.SH
2024-05-24,5313.45,000905.SH
2024-05-27,5371.37,000905.SH
2024-05-28,5316.13,000905.SH
2024-05-29,5328.31,000905.SH
2024-05-30,5308.66,000905.SH
2024-05-31,5308.54,000905.SH
2024-06-03,5274.07,000905.SH
2024-06-04,5341.95,000905.SH
2024-06-05,5277.94,000905.SH
2024-06-06,5228.8,000905.SH
2024-06-07,5208.98,000905.SH
2024-06-10,5208.98,000905.SH
2024-06-11,5217.47,000905.SH
2024-06-12,5232.95,000905.SH
2024-06-13,5194.59,000905.SH
2024-06-14,5213.09,000905.SH
2024-06-17,5207.13,000905.SH
2024-06-18,5230.89,000905.SH
2024-06-19,5168.82,000905.SH
2024-06-20,5094.57,000905.SH
2024-06-21,5102.33,000905.SH
2024-06-24,4992.91,000905.SH
2024-06-25,4948.63,000905.SH
2024-06-26,5020.43,000905.SH
2024-06-27,4928.05,000905.SH
2024-06-28,4942.78,000905.SH
2024-07-01,5003.16,000905.SH
2024-07-02,4949.48,000905.SH
2024-07-03,4910.92,000905.SH
2024-07-04,4834.5,000905.SH
2024-07-05,4866.26,000905.SH
2024-07-08,4783.62,000905.SH
2024-07-09,4876.9,000905.SH
2024-07-10,4844.16,000905.SH
2024-07-11,4939.73,000905.SH
2024-07-12,4919.36,000905.SH
2024-07-15,4883.9,000905.SH
2024-07-16,4898.36,000905.SH
2024-07-17,4856.58,000905.SH
2024-07-18,4877.69,000905.SH
2024-07-19,4872.05,000905.SH
2024-07-22,4865.98,000905.SH
2024-07-23,4722.8,000905.SH
2024-07-24,4668.06,000905.SH
2024-07-25,4665.45,000905.SH
2024-07-26,4736.38,000905.SH
2024-07-29,4708.84,000905.SH
2024-07-30,4699.28,000905.SH
2024-07-31,4886.41,000905.SH
2024-08-01,4852.97,000905.SH
2024-08-02,4788.62,000905.SH
2024-08-05,4693.85,000905.SH
2024-08-06,4750.78,000905.SH
2024-08-07,4751.94,000905.SH
2024-08-08,4755.81,000905.SH
2024-08-09,4720.31,000905.SH
2024-08-12,4714.16,000905.SH
2024-08-13,4731.84,000905.SH
2024-08-14,4667.07,000905.SH
2024-08-15,4698.38,000905.SH
2024-08-16,4670.38,000905.SH
2024-08-19,4682.96,000905.SH
2024-08-20,4602.01,000905.SH
2024-08-21,4587.12,000905.SH
2024-08-22,4533.37,000905.SH
2024-08-23,4537.09,000905.SH
2024-08-26,4544.36,000905.SH
2024-08-27,4495.29,000905.SH
2024-08-28,4500.01,000905.SH
2024-08-29,4557.9,000905.SH
2024-08-30,4639.11,000905.SH
2024-09-02,4546.88,000905.SH
2024-09-03,4596.48,000905.SH
2024-09-04,4582.08,000905.SH
2024-09-05,4601.09,000905.SH
2024-09-06,4537.45,000905.SH
2024-09-09,4507.19,000905.SH
2024-09-10,4507.71,000905.SH
2024-09-11,4514.92,000905.SH
2024-09-12,4496.59,000905.SH
2024-09-13,4450.96,000905.SH
2024-09-16,4450.96,000905.SH
2024-09-17,4450.96,000905.SH
2024-09-18,4462.87,000905.SH
2024-09-19,4520.39,000905.SH
2024-09-20,4498.39,000905.SH
2024-09-23,4494.69,000905.SH
2024-09-24,4689.6,000905.SH
2024-09-25,4731.48,000905.SH
2024-09-26,4938.18,000905.SH
2024-09-27,5201.67,000905.SH
2024-09-30,5743.22,000905.SH
2024-10-01,5743.22,000905.SH
2024-10-02,5743.22,000905.SH
2024-10-03,5743.22,000905.SH
2024-10-04,5743.22,000905.SH
2024-10-07,5743.22,000905.SH
2024-10-08,6155.58,000905.SH
2024-10-09,5735.64,000905.SH
2024-10-10,5690.88,000905.SH
2024-10-11,5470.81,000905.SH
2024-10-14,5608.15,000905.SH
2024-10-15,5472.56,000905.SH
2024-10-16,5461.09,000905.SH
2024-10-17,5418.99,000905.SH
2024-10-18,5640.02,000905.SH
2024-10-21,5704.23,000905.SH
2024-10-22,5753.85,000905.SH
2024-10-23,5776.38,000905.SH
2024-10-24,5726.7,000905.SH
2024-10-25,5809.69,000905.SH
2024-10-28,5883.72,000905.SH
2024-10-29,5812.53,000905.SH
2024-10-30,5837.93,000905.SH
2024-10-31,5901.29,000905.SH
2024-11-01,5831.82,000905.SH
2024-11-04,5928.91,000905.SH
2024-11-05,6111.97,000905.SH
2024-11-06,6125.79,000905.SH
2024-11-07,6239.56,000905.SH
2024-11-08,6222.44,000905.SH
2024-11-11,6330.62,000905.SH
2024-11-12,6263.88,000905.SH
2024-11-13,6259.84,000905.SH
2024-11-14,6078.31,000905.SH
2024-11-15,5924.48,000905.SH
2024-11-18,5833.04,000905.SH
2024-11-19,5936.6,000905.SH
2024-11-20,5992.39,000905.SH
2024-11-21,5985.31,000905.SH
2024-11-22,5750.25,000905.SH
2024-11-25,5735.65,000905.SH
2024-11-26,5690.48,000905.SH
2024-11-27,5804.94,000905.SH
2024-11-28,5757.6,000905.SH
2024-11-29,5851.94,000905.SH
2024-12-02,5943.62,000905.SH
2024-12-03,5932.12,000905.SH
2024-12-04,5879.27,000905.SH
2024-12-05,5901.99,000905.SH
2024-12-06,5979.2,000905.SH
2024-12-09,5947.11,000905.SH
2024-12-10,5992.09,000905.SH
2024-12-11,6047.1,000905.SH
2024-12-12,6100.39,000905.SH
2024-12-13,5988.29,000905.SH
2024-12-16,5912.6,000905.SH
2024-12-17,5848.16,000905.SH
2024-12-18,5888.62,000905.SH
2024-12-19,5901.92,000905.SH
2024-12-20,5917.18,000905.SH
2024-12-23,5818.55,000905.SH
2024-12-24,5895.26,000905.SH
2024-12-25,5840.29,000905.SH
2024-12-26,5887.06,000905.SH
2024-12-27,5899.17,000905.SH
2024-12-30,5898.88,000905.SH
2024-12-31,5725.73,000905.SH
2025-01-02,5545.82,000905.SH
2025-01-03,5427.8,000905.SH
2025-01-06,5427.1,000905.SH
2025-01-07,5484.68,000905.SH
2025-01-08,5461.59,000905.SH
2025-01-09,5456.59,000905.SH
2025-01-10,5369.28,000905.SH
2025-01-13,5381.7,000905.SH
2025-01-14,5572.27,000905.SH
2025-01-15,5522.46,000905.SH
2025-01-16,5545.63,000905.SH
2025-01-17,5587.29,000905.SH
2025-01-20,5614.33,000905.SH
2025-01-21,5633.92,000905.SH
2025-01-22,5607.06,000905.SH
2025-01-23,5584.25,000905.SH
2025-01-24,5649.95,000905.SH
2025-01-27,5589.34,000905.SH
2025-01-28,5589.34,000905.SH
2025-01-29,5589.34,000905.SH
2025-01-30,5589.34,000905.SH
2025-01-31,5589.34,000905.SH
2025-02-03,5589.34,000905.SH
2025-02-04,5589.34,000905.SH
2025-02-05,5614.39,000905.SH
2025-02-06,5747.9,000905.SH
2025-02-07,5833.99,000905.SH
2025-02-10,5888.55,000905.SH
2025-02-11,5858.28,000905.SH
2025-02-12,5940.53,000905.SH
2025-02-13,5898.26,000905.SH
2025-02-14,5947.8,000905.SH
2025-02-17,5948.72,000905.SH
2025-02-18,5840.71,000905.SH
2025-02-19,5943.88,000905.SH
2025-02-20,5957.55,000905.SH
2025-02-21,6057.06,000905.SH
2025-02-24,6044.97,000905.SH
2025-02-25,5979.97,000905.SH
2025-02-26,6051.74,000905.SH
2025-02-27,6028.99,000905.SH
2025-02-28,5859.87,000905.SH
2025-03-03,5885.77,000905.SH
2025-03-04,5937.63,000905.SH
2025-03-05,5950.7,000905.SH
2025-03-06,6047.77,000905.SH
2025-03-07,6013.77,000905.SH
2025-03-10,6013.62,000905.SH
2025-03-11,6044.97,000905.SH
2025-03-12,6040.5,000905.SH
2025-03-13,5993.97,000905.SH
2025-03-14,6099.98,000905.SH
2025-03-17,6108.02,000905.SH
2025-03-18,6133.3,000905.SH
2025-03-19,6101.44,000905.SH
2025-03-20,6059.49,000905.SH
2025-03-21,5971.93,000905.SH
2025-03-24,5969.08,000905.SH
2025-03-25,5946.95,000905.SH
2025-03-26,5948.5,000905.SH
2025-03-27,5957.6,000905.SH
2025-03-28,5916.03,000905.SH
2025-03-31,5857.77,000905.SH
2025-04-01,5892.85,000905.SH
2025-04-02,5899.09,000905.SH
2025-04-03,5845.5,000905.SH
2025-04-04,5845.5,000905.SH
2025-04-07,5287.03,000905.SH
2025-04-08,5326.91,000905.SH
2025-04-09,5439.77,000905.SH
2025-04-10,5544.06,000905.SH
2025-04-11,5581.32,000905.SH
2025-04-14,5627.14,000905.SH
2025-04-15,5602.53,000905.SH
2025-04-16,5556.86,000905.SH
2025-04-17,5557.01,000905.SH
2025-04-18,5560.72,000905.SH
2025-04-21,5642.38,000905.SH
2025-04-22,5624.21,000905.SH
2025-04-23,5634.95,000905.SH
2025-04-24,5605.88,000905.SH
2025-04-25,5627.18,000905.SH
2025-04-28,5598.29,000905.SH
2025-04-29,5604.91,000905.SH
2025-04-30,5631.82,000905.SH
2025-05-01,5631.82,000905.SH
2025-05-02,5631.82,000905.SH
2025-05-05,5631.82,000905.SH
2025-05-06,5740.33,000905.SH
2025-05-07,5750.29,000905.SH
2025-05-08,5773.81,000905.SH
2025-05-09,5721.72,000905.SH
2025-05-12,5793.67,000905.SH
2025-05-13,5781.67,000905.SH
2025-05-14,5799.12,000905.SH
2025-05-15,5715.3,000905.SH
2025-05-16,5715.85,000905.SH
2025-05-19,5720.79,000905.SH
2025-05-20,5747.37,000905.SH
2025-05-21,5757.92,000905.SH
2025-05-22,5703.28,000905.SH
2025-05-23,5653.04,000905.SH
2025-05-26,5669.46,000905.SH
2025-05-27,5652.15,000905.SH
2025-05-28,5637.24,000905.SH
2025-05-29,5719.91,000905.SH
2025-05-30,5671.07,000905.SH
2025-06-02,5671.07,000905.SH
2025-06-03,5694.84,000905.SH
2025-06-04,5739.01,000905.SH
2025-06-05,5769.97,000905.SH
2025-06-06,5762.08,000905.SH
2025-06-09,5805.65,000905.SH
2025-06-10,5757.99,000905.SH
2025-06-11,5792.95,000905.SH
2025-06-12,5799.93,000905.SH
2025-06-13,5740.24,000905.SH
2025-06-16,5767.81,000905.SH
2025-06-17,5750.91,000905.SH
2025-06-18,5745.87,000905.SH
2025-06-19,5676.83,000905.SH
2025-06-20,5639.51,000905.SH
2025-06-23,5674.17,000905.SH
2025-06-24,5765.84,000905.SH
2025-06-25,5862.55,000905.SH
2025-06-26,5838.25,000905.SH
2025-06-27,5863.73,000905.SH
2025-06-30,5915.39,000905.SH
2025-07-01,5934.67,000905.SH
2025-07-02,5892.95,000905.SH
2025-07-03,5922.66,000905.SH
2025-07-04,5911.44,000905.SH
2025-07-07,5900.41,000905.SH
2025-07-08,5977.74,000905.SH
2025-07-09,5953.49,000905.SH
2025-07-10,5983.05,000905.SH
2025-07-11,6027.08,000905.SH
2025-07-14,6020.86,000905.SH
2025-07-15,6018.76,000905.SH
2025-07-16,6017.19,000905.SH
2025-07-17,6082.46,000905.SH
2025-07-18,6099.61,000905.SH
2025-07-21,6161.31,000905.SH
2025-07-22,6213.41,000905.SH
2025-07-23,6196.76,000905.SH
2025-07-24,6293.6,000905.SH
2025-07-25,6299.59,000905.SH
2025-07-28,6323.42,000905.SH
2025-07-29,6356.13,000905.SH
2025-07-30,6314.69,000905.SH
2025-07-31,6226.34,000905.SH
2025-08-01,6213.2,000905.SH
2025-08-04,6261.73,000905.SH
2025-08-05,6303.24,000905.SH
2025-08-06,6357.38,000905.SH
2025-08-07,6337.54,000905.SH
2025-08-08,6323.5,000905.SH
2025-08-11,6391.76,000905.SH
2025-08-12,6418.16,000905.SH
2025-08-13,6508.1,000905.SH
2025-08-14,6429.85,000905.SH
2025-08-15,6568.57,000905.SH
2025-08-18,6668.17,000905.SH
2025-08-19,6655.31,000905.SH
2025-08-20,6728.07,000905.SH
2025-08-21,6704.17,000905.SH
2025-08-22,6822.85,000905.SH
2025-08-25,6951.9,000905.SH
2025-08-26,6964.07,000905.SH
2025-08-27,6862.56,000905.SH
2025-08-28,7011.16,000905.SH
2025-08-29,7043.94,000905.SH
2025-09-01,7110.29,000905.SH
2025-09-02,6961.69,000905.SH
2025-09-03,6868.46,000905.SH
2025-09-04,6698.45,000905.SH
2025-09-05,6913.95,000905.SH
2025-09-08,6992.12,000905.SH
2025-09-09,6928.97,000905.SH
2025-09-10,6932.11,000905.SH
2025-09-11,7122.71,000905.SH
2025-09-12,7147.75,000905.SH
2025-09-15,7137.36,000905.SH
2025-09-16,7190.99,000905.SH
2025-09-17,7260.04,000905.SH
2025-09-18,7199.88,000905.SH
2025-09-19,7170.35,000905.SH
2025-09-22,7225.13,000905.SH
2025-09-23,7180.71,000905.SH
2025-09-24,7323.71,000905.SH
2025-09-25,7341.32,000905.SH
2025-09-26,7240.91,000905.SH
2025-09-29,7350.56,000905.SH
2025-09-30,7412.37,000905.SH
2025-10-01,7412.37,000905.SH
2025-10-02,7412.37,000905.SH
2025-10-03,7412.37,000905.SH
2025-10-06,7412.37,000905.SH
2025-10-07,7412.37,000905.SH
2025-10-08,7412.37,000905.SH
2025-10-09,7548.92,000905.SH
2025-10-10,7398.22,000905.SH
2025-10-13,7376.56,000905.SH
2025-10-14,7194.85,000905.SH
2025-10-15,7294.0,000905.SH
2025-10-16,7231.53,000905.SH
2025-10-17,7016.07,000905.SH
2025-10-20,7069.64,000905.SH
2025-10-21,7185.62,000905.SH
2025-10-22,7128.48,000905.SH
2025-10-23,7142.95,000905.SH
2025-10-24,7258.53,000905.SH
2025-10-27,7379.39,000905.SH
2025-10-28,7341.03,000905.SH
2025-10-29,7480.97,000905.SH
2025-10-30,7385.71,000905.SH
2025-10-31,7331.0,000905.SH
2025-11-03,7333.6,000905.SH
2025-11-04,7210.83,000905.SH
2025-11-05,7229.34,000905.SH
2025-11-06,7345.72,000905.SH
2025-11-07,7327.91,000905.SH
2025-11-10,7343.8,000905.SH
2025-11-11,7291.61,000905.SH
2025-11-12,7243.25,000905.SH
2025-11-13,7355.29,000905.SH
2025-11-14,7235.46,000905.SH
2025-11-17,7235.35,000905.SH
2025-11-18,7151.02,000905.SH
2025-11-19,7122.75,000905.SH
2025-11-20,7061.95,000905.SH
2025-11-21,6817.41,000905.SH
2025-11-24,6868.97,000905.SH
2025-11-25,6954.6,000905.SH
2025-11-26,6965.05,000905.SH
2025-11-27,6951.28,000905.SH
2025-11-28,7031.55,000905.SH
2025-12-01,7101.83,000905.SH
2025-12-02,7040.3,000905.SH
2025-12-03,6996.35,000905.SH
2025-12-04,7012.81,000905.SH
2025-12-05,7097.84,000905.SH
2025-12-08,7172.37,000905.SH
2025-12-09,7121.33,000905.SH
2025-12-10,7155.99,000905.SH
2025-12-11,7082.89,000905.SH
2025-12-12,7169.79,000905.SH
2025-12-15,7113.96,000905.SH
2025-12-16,7001.32,000905.SH
2025-12-17,7137.83,000905.SH
2025-12-18,7100.84,000905.SH
2025-12-19,7169.55,000905.SH
2025-12-22,7255.66,000905.SH
2025-12-23,7256.79,000905.SH
2025-12-24,7352.04,000905.SH
2025-12-25,7410.71,000905.SH
2025-12-26,7458.84,000905.SH
2025-12-29,7430.61,000905.SH
2025-12-30,7458.94,000905.SH
2025-12-31,7465.57,000905.SH
2026-01-02,7465.57,000905.SH
2026-01-05,7651.2,000905.SH
2026-01-06,7814.14,000905.SH
2026-01-07,7875.08,000905.SH
2026-01-08,7894.54,000905.SH
2026-01-09,8056.69,000905.SH
2026-01-12,8249.13,000905.SH
2026-01-13,8143.28,000905.SH
2026-01-14,8227.7,000905.SH
2026-01-15,8223.27,000905.SH
2026-01-16,8232.67,000905.SH
2026-01-19,8287.95,000905.SH
2026-01-20,8247.8,000905.SH
2026-01-21,8340.11,000905.SH
2026-01-22,8387.59,000905.SH
2026-01-23,8590.17,000905.SH
2026-01-26,8506.69,000905.SH
2026-01-27,8548.93,000905.SH
2026-01-28,8601.16,000905.SH
2026-01-29,8517.84,000905.SH
2026-01-30,8370.52,000905.SH
2026-02-02,8037.05,000905.SH
2026-02-03,8286.7,000905.SH
2026-02-04,8299.06,000905.SH
2026-02-05,8146.11,000905.SH
2026-02-06,8146.41,000905.SH
2026-02-09,8311.28,000905.SH
2026-02-10,8306.44,000905.SH
2026-02-11,8325.81,000905.SH
2026-02-12,8423.57,000905.SH
2026-02-13,8299.58,000905.SH
2026-02-16,8299.58,000905.SH
2026-02-20,8299.58,000905.SH
2026-02-23,8299.58,000905.SH
2026-02-24,8392.91,000905.SH
2026-02-25,8527.56,000905.SH
2026-02-26,8557.22,000905.SH
2026-02-27,8658.45,000905.SH
2026-03-02,8658.33,000905.SH
2026-03-03,8281.61,000905.SH
2026-03-04,8248.95,000905.SH
2026-03-05,8309.17,000905.SH
2026-03-06,8360.33,000905.SH
2026-03-09,8279.48,000905.SH
2026-03-10,8410.3,000905.SH
2026-03-11,8403.33,000905.SH
2026-03-12,8359.47,000905.SH
2026-03-13,8239.8,000905.SH
2026-03-16,8185.15,000905.SH
2026-03-17,8016.03,000905.SH
2026-03-18,8096.43,000905.SH
2026-03-19,7877.09,000905.SH
2026-03-20,7760.04,000905.SH
2026-03-23,7440.75,000905.SH
2026-03-24,7597.37,000905.SH
2026-03-25,7767.67,000905.SH
2026-03-26,7642.13,000905.SH
2026-03-27,7737.61,000905.SH
2026-03-30,7753.72,000905.SH
2026-03-31,7617.33,000905.SH
2026-04-01,7750.09,000905.SH
2026-04-02,7605.29,000905.SH
2026-04-03,7534.94,000905.SH
2026-04-07,7571.11,000905.SH
2026-04-08,7945.15,000905.SH
2026-04-09,7898.63,000905.SH
2026-04-10,7969.36,000905.SH
2026-04-13,7967.7,000905.SH
2026-04-14,8088.57,000905.SH
2026-04-15,8044.08,000905.SH
2026-04-16,8180.08,000905.SH
2026-04-17,8214.19,000905.SH
2026-04-20,8290.02,000905.SH
2026-04-21,8270.33,000905.SH
2026-04-22,8376.18,000905.SH
2026-04-23,8295.21,000905.SH
2026-04-24,8247.88,000905.SH
2026-04-27,8299.05,000905.SH
2026-04-28,8203.96,000905.SH
2026-04-29,8342.42,000905.SH
2026-04-30,8349.51,000905.SH
2026-05-04,8349.51,000905.SH
2026-05-05,8349.51,000905.SH
2026-05-06,8588.44,000905.SH
2026-05-07,8696.8,000905.SH
2026-05-08,8694.17,000905.SH
2026-05-11,8839.74,000905.SH
2026-05-12,8785.98,000905.SH
2026-05-13,8918.24,000905.SH
2026-05-14,8670.16,000905.SH
2026-05-15,8536.34,000905.SH
2026-05-18,8554.24,000905.SH
2026-05-19,8627.95,000905.SH
2026-05-20,8656.31,000905.SH
2026-05-21,8419.84,000905.SH
2026-05-22,8576.94,000905.SH
2026-05-25,8703.89,000905.SH
2026-05-26,8658.62,000905.SH
2026-05-27,8530.98,000905.SH
2026-05-28,8563.22,000905.SH
2026-05-29,8359.56,000905.SH
2026-06-01,8274.21,000905.SH
2026-06-02,8321.43,000905.SH
2026-06-03,8362.16,000905.SH
2026-06-04,8356.74,000905.SH
2026-06-05,8251.14,000905.SH
2026-06-08,7963.45,000905.SH
2026-06-09,8176.18,000905.SH
2026-06-10,8063.86,000905.SH
2026-06-11,8035.78,000905.SH
2026-06-12,8106.2,000905.SH
2026-06-15,8406.75,000905.SH
2026-06-16,8507.98,000905.SH
2026-06-17,8627.09,000905.SH
2026-06-18,8673.09,000905.SH
2026-06-22,8868.78,000905.SH
2026-06-23,8688.59,000905.SH
2026-06-24,8842.94,000905.SH
2026-06-25,8938.01,000905.SH
2026-06-26,8703.57,000905.SH
2026-06-29,8821.09,000905.SH
2026-06-30,9031.38,000905.SH
2026-07-01,9028.93,000905.SH
2026-07-02,8694.18,000905.SH
2026-07-03,8745.26,000905.SH
2026-07-06,8651.13,000905.SH
2026-07-07,8508.79,000905.SH
2026-07-08,8390.02,000905.SH
2026-07-09,8652.79,000905.SH
2026-07-10,8503.97,000905.SH
2026-07-13,8138.14,000905.SH
2026-07-14,8275.94,000905.SH
2026-07-15,8147.58,000905.SH
2026-07-16,7955.66,000905.SH
2026-07-17,7513.76,000905.SH
2026-07-18,7513.76,000905.SH
