date,corr60
2017-03-28,0.2666866879523532
2017-03-29,0.2728829442953381
2017-03-30,0.277479194756053
2017-03-31,0.2957985178392022
2017-04-03,0.29674405787930463
2017-04-04,0.29238890416293306
2017-04-05,0.29672144150045454
2017-04-06,0.31488443138984173
2017-04-07,0.3218639057977409
2017-04-10,0.3092860881124786
2017-04-11,0.4067791942940721
2017-04-12,0.4169265645976556
2017-04-13,0.4057122053604669
2017-04-14,0.40318518910400153
2017-04-17,0.40419382321219666
2017-04-18,0.41161259919236126
2017-04-19,0.4144065639228764
2017-04-20,0.44849655764545093
2017-04-21,0.43271881766083825
2017-04-24,0.4338012486616319
2017-04-25,0.3538300387529935
2017-04-26,0.35719836868376087
2017-04-27,0.34830819081340253
2017-04-28,0.34803147189189354
2017-05-01,0.34679114578453774
2017-05-02,0.34661948910172863
2017-05-03,0.339045301165809
2017-05-04,0.339440231184938
2017-05-05,0.34330839850276096
2017-05-08,0.31792603891247095
2017-05-09,0.2505909980447017
2017-05-10,0.2502859136759745
2017-05-11,0.24003523998681392
2017-05-12,0.23307375357951057
2017-05-15,0.22827759031475792
2017-05-16,0.23174570847832746
2017-05-17,0.21707373600774504
2017-05-18,0.19669826030496126
2017-05-19,0.2168392908004367
2017-05-22,0.21643064845694052
2017-05-23,0.16229381929150102
2017-05-24,0.134602533458742
2017-05-25,0.12550383060511477
2017-05-26,0.1676809013030841
2017-05-29,0.16924568297171835
2017-05-30,0.12962307751223787
2017-05-31,0.14665871021163687
2017-06-01,0.14320096869902113
2017-06-02,0.12965588168217426
2017-06-05,0.16660741867707182
2017-06-06,0.166187819856597
2017-06-07,0.14910903883813093
2017-06-08,0.11202235669369973
2017-06-09,0.07431597588654129
2017-06-12,0.05726217456393333
2017-06-13,0.06689532080637131
2017-06-14,0.05006774233686819
2017-06-15,0.047201743009179294
2017-06-16,0.02296866961046722
2017-06-19,0.02278568674746546
2017-06-20,0.031989824088340835
2017-06-21,0.03831847560981795
2017-06-22,0.03706188468159481
2017-06-23,0.017512656851322903
2017-06-26,0.014020659635040005
2017-06-27,0.03783083157468807
2017-06-28,0.03853071791215547
2017-06-29,0.009988906755858595
2017-06-30,0.00937712601628818
2017-07-03,0.003661340962126387
2017-07-04,0.0055611462527325305
2017-07-05,0.010590119809381947
2017-07-06,0.02964634112642674
2017-07-07,0.02800207375541803
2017-07-10,0.030349596130530905
2017-07-11,0.023156672970476657
2017-07-12,0.040636820294540875
2017-07-13,-0.0002272287762745328
2017-07-14,0.012059231207664368
2017-07-17,0.010022648035512683
2017-07-18,0.06684129917866112
2017-07-19,0.09635388393536368
2017-07-20,0.1534824778850906
2017-07-21,0.14796581894868735
2017-07-24,0.14697786824974185
2017-07-25,0.15335289063502816
2017-07-26,0.15857740442699111
2017-07-27,0.15500270046342593
2017-07-28,0.13670227001649737
2017-07-31,0.1531523000094015
2017-08-01,0.2138700806368605
2017-08-02,0.2164500931971351
2017-08-03,0.21852089312444206
2017-08-04,0.22301253607129362
2017-08-07,0.220629968650232
2017-08-08,0.21655449064714657
2017-08-09,0.2290404688425935
2017-08-10,0.22753171267834377
2017-08-11,0.200917625971158
2017-08-14,0.23400855958006167
2017-08-15,0.2929777047926557
2017-08-16,0.32661623372977167
2017-08-17,0.3330330254129622
2017-08-18,0.3322815000572421
2017-08-21,0.34371562534692185
2017-08-22,0.3323898453481837
2017-08-23,0.3365956217696618
2017-08-24,0.3319874400457922
2017-08-25,0.32759309212569804
2017-08-28,0.30417872631159715
2017-08-29,0.298612317316582
2017-08-30,0.3142594903239731
2017-08-31,0.35433164340369233
2017-09-01,0.3544990454280523
2017-09-04,0.36497538975535276
2017-09-05,0.3512573510407652
2017-09-06,0.3697641551471762
2017-09-07,0.371927620759938
2017-09-08,0.4109981411946139
2017-09-11,0.4093787278888611
2017-09-12,0.40200403145702246
2017-09-13,0.4014517933475729
2017-09-14,0.40290982290476063
2017-09-15,0.409151389756913
2017-09-18,0.415635673799707
2017-09-19,0.39886870142689607
2017-09-20,0.4063316173938408
2017-09-21,0.39940091056249644
2017-09-22,0.400626180972805
2017-09-25,0.4003435359179754
2017-09-26,0.3994607397853395
2017-09-27,0.383253771256184
2017-09-28,0.381334229702652
2017-09-29,0.3877551858291595
2017-10-02,0.39081456015664984
2017-10-03,0.3881582634471333
2017-10-04,0.3688141476136868
2017-10-05,0.36932869751953723
2017-10-06,0.38290131381708004
2017-10-09,0.3800289464929426
2017-10-10,0.43042559121642493
2017-10-11,0.4126137889587102
2017-10-12,0.33432552968987483
2017-10-13,0.34067340819681186
2017-10-16,0.3261184218599721
2017-10-17,0.2981825657458213
2017-10-18,0.29741823624497776
2017-10-19,0.32250054856150223
2017-10-20,0.33952606395304225
2017-10-23,0.3334360605391311
2017-10-24,0.3031717924713452
2017-10-25,0.30250171201969966
2017-10-26,0.32875560691973366
2017-10-27,0.3223210980180978
2017-10-30,0.29525473968510774
2017-10-31,0.1994077276560288
2017-11-01,0.19759903888461286
2017-11-02,0.20970970102393804
2017-11-03,0.19939418235973197
2017-11-06,0.11582817118258502
2017-11-07,0.11660826349592189
2017-11-08,0.09905899223254089
2017-11-09,0.09846591963182474
2017-11-10,0.09575943555865363
2017-11-13,0.06892842959484421
2017-11-14,0.09115668848321916
2017-11-15,0.10543338811699177
2017-11-16,0.16356731626871404
2017-11-17,0.16583133097570169
2017-11-20,0.0085258345353528
2017-11-21,-0.03687345896602914
2017-11-22,-0.035719136710743705
2017-11-23,-0.029577706161505055
2017-11-24,0.04861336048554376
2017-11-27,-0.013515235603417887
2017-11-28,-0.04980422715882221
2017-11-29,-0.041625704275812
2017-11-30,-0.0324574994549958
2017-12-01,-0.021005967580273746
2017-12-04,0.006147792941101506
2017-12-05,-0.020927604691977002
2017-12-06,0.1072333878079104
2017-12-07,0.06481786767432374
2017-12-08,0.062007080442151766
2017-12-11,0.07049722453841428
2017-12-12,0.09152841779625567
2017-12-13,0.0804415515372594
2017-12-14,0.0742762255388709
2017-12-15,0.06966917552412834
2017-12-18,0.0881723583149106
2017-12-19,0.06612920517165992
2017-12-20,0.09967327355551481
2017-12-21,0.09996953469528629
2017-12-22,0.08800702729863064
2017-12-25,0.07941899454354753
2017-12-26,0.09132757844618265
2017-12-27,0.08816103422884726
2017-12-28,0.10138239270741631
2017-12-29,0.09042319921877384
2018-01-02,0.08820024993810521
2018-01-03,0.03374805907972396
2018-01-04,0.057133077908339776
2018-01-05,0.06902063882944985
2018-01-08,0.06921576083274557
2018-01-09,0.08866611017937712
2018-01-10,0.09434228197065496
2018-01-11,0.09088819947199431
2018-01-12,0.07880176114934687
2018-01-15,0.07374397977893044
2018-01-16,0.0844741223435067
2018-01-17,0.09551938994042514
2018-01-18,0.10361395464581716
2018-01-19,0.09844030207406919
2018-01-22,0.10415159556635982
2018-01-23,0.10827335926812813
2018-01-24,0.15387536205912175
2018-01-25,0.15981578336097818
2018-01-26,0.15803289164258177
2018-01-29,0.16350826053657466
2018-01-30,0.15509905965955093
2018-01-31,0.14082396066555009
2018-02-01,0.16948238454434766
2018-02-02,0.1642976697926369
2018-02-05,0.15348098459263002
2018-02-06,0.14452915167876695
2018-02-07,0.3929317670001102
2018-02-08,0.39023376259738707
2018-02-09,0.38492768582975334
2018-02-12,0.44566865890008517
2018-02-13,0.5466781212152363
2018-02-14,0.5694187442687892
2018-02-15,0.5693017733515077
2018-02-16,0.5711229255318777
2018-02-20,0.5669572493492262
2018-02-21,0.5668109083739096
2018-02-22,0.5853792472619279
2018-02-23,0.5922545037015654
2018-02-26,0.5929070929686598
2018-02-27,0.6125861010741669
2018-02-28,0.6044562112712365
2018-03-01,0.6145514401778044
2018-03-02,0.582030845602197
2018-03-05,0.6068166745702629
2018-03-06,0.6096400336587814
2018-03-07,0.6138166383161912
2018-03-08,0.614263426696116
2018-03-09,0.6216306361971811
2018-03-12,0.6246239835210923
2018-03-13,0.6343547237414334
2018-03-14,0.6320946309057148
2018-03-15,0.6542587252356755
2018-03-16,0.651305964581097
2018-03-19,0.651546910435014
2018-03-20,0.6588727825605037
2018-03-21,0.6502714280599667
2018-03-22,0.6453190809423351
2018-03-23,0.6426724786034432
2018-03-26,0.6652473775957636
2018-03-27,0.6428577250366088
2018-03-28,0.6609454934606988
2018-03-29,0.6660352984517766
2018-03-30,0.6513604679627292
2018-04-02,0.6505865508272843
2018-04-03,0.649895016468261
2018-04-04,0.6523994106914773
2018-04-05,0.6498390354229692
2018-04-06,0.65345277120773
2018-04-09,0.6553592530535535
2018-04-10,0.6654305704283374
2018-04-11,0.6754526087711392
2018-04-12,0.6733382709087585
2018-04-13,0.6716217910665105
2018-04-16,0.6717350684707772
2018-04-17,0.6716745943203579
2018-04-18,0.6831663790845276
2018-04-19,0.6923842331018099
2018-04-20,0.691777507203352
2018-04-23,0.697963122920096
2018-04-24,0.6999719782394461
2018-04-25,0.712652441903606
2018-04-26,0.7111690445158244
2018-04-27,0.7181052982220398
2018-04-30,0.7478195549609487
2018-05-01,0.7504058587087559
2018-05-02,0.7812434313315229
2018-05-03,0.7227177527371654
2018-05-04,0.7342681165278797
2018-05-07,0.7334823238310187
2018-05-08,0.7026006785547053
2018-05-09,0.68251647955298
2018-05-10,0.68334944050804
2018-05-11,0.6868047129022604
2018-05-14,0.6792708739492785
2018-05-15,0.6764833618010673
2018-05-16,0.6579118228806778
2018-05-17,0.6558823510446228
2018-05-18,0.6503856413814076
2018-05-21,0.6508662998836996
2018-05-22,0.6328392150861286
2018-05-23,0.6424004482131627
2018-05-24,0.6559862024180129
2018-05-25,0.6539882006180208
2018-05-28,0.6369238984243104
2018-05-29,0.6362744745450859
2018-05-30,0.6265955452455576
2018-05-31,0.6294488067417425
2018-06-01,0.6351714728281748
2018-06-04,0.6354354628902439
2018-06-05,0.6132481103012165
2018-06-06,0.6209686393458543
2018-06-07,0.6168332428022562
2018-06-08,0.6103978864113065
2018-06-11,0.614192193335087
2018-06-12,0.5983305164196115
2018-06-13,0.6130031861447194
2018-06-14,0.6018651543663442
2018-06-15,0.6067889756599019
2018-06-18,0.4895917896792454
2018-06-19,0.5392263379974849
2018-06-20,0.5577802893665372
2018-06-21,0.5838303748408267
2018-06-22,0.5522114019673501
2018-06-25,0.5308890155044702
2018-06-26,0.5333420466693202
2018-06-27,0.49889406786028834
2018-06-28,0.5026976638148593
2018-06-29,0.5076827751971638
2018-07-02,0.5644225018105007
2018-07-03,0.5598481990130753
2018-07-04,0.5662893925536008
2018-07-05,0.5740521144195094
2018-07-06,0.5354924424113862
2018-07-09,0.5368899878153911
2018-07-10,0.5635050491256747
2018-07-11,0.5500745299822344
2018-07-12,0.5500402715811256
2018-07-13,0.5444912206858882
2018-07-16,0.5330149806538409
2018-07-17,0.5308659226242654
2018-07-18,0.5151101175833623
2018-07-19,0.5206147930268719
2018-07-20,0.4928172718919034
2018-07-23,0.48848525713925905
2018-07-24,0.48351438976871425
2018-07-25,0.49926463288753453
2018-07-26,0.5007302560795902
2018-07-27,0.49449851179126725
2018-07-30,0.4945008684621955
2018-07-31,0.4935734353848004
2018-08-01,0.4721882541263253
2018-08-02,0.45124223756138937
2018-08-03,0.46822449340454697
2018-08-06,0.4440102317814917
2018-08-07,0.4419258670108665
2018-08-08,0.46242730692395295
2018-08-09,0.4792963295696613
2018-08-10,0.4446334594385037
2018-08-13,0.44149148139206496
2018-08-14,0.40918880092664267
2018-08-15,0.41207199631077956
2018-08-16,0.40519438635848026
2018-08-17,0.4075763925836476
2018-08-20,0.4103108087334668
2018-08-21,0.4069557419478216
2018-08-22,0.398769254466116
2018-08-23,0.3851669476202736
2018-08-24,0.37826091057235595
2018-08-27,0.37425852016845995
2018-08-28,0.38077264515922304
2018-08-29,0.3737813132016261
2018-08-30,0.37349921955519727
2018-08-31,0.35942962463020756
2018-09-03,0.35545862125750416
2018-09-04,0.3573282793004401
2018-09-05,0.3541432946159179
2018-09-06,0.36656935614327707
2018-09-07,0.3663978508572688
2018-09-10,0.39018041521109004
2018-09-11,0.381614705042284
2018-09-12,0.28198660969208167
2018-09-13,0.2762127162642149
2018-09-14,0.3089879566581622
2018-09-17,0.30952106443004185
2018-09-18,0.31723015216963507
2018-09-19,0.3049774376149043
2018-09-20,0.30255412896698647
2018-09-21,0.29293208831230466
2018-09-24,0.22435905254187574
2018-09-25,0.22430348020963659
2018-09-26,0.19847569236316018
2018-09-27,0.1839909072913368
2018-09-28,0.23382362667372014
2018-10-01,0.23611654019645634
2018-10-02,0.17682572315739775
2018-10-03,0.17308553902312845
2018-10-04,0.14204788823232017
2018-10-05,0.11977307821893943
2018-10-08,0.11363834113992406
2018-10-09,0.1696508524516964
2018-10-10,0.1751345005706021
2018-10-11,0.18501475095579625
2018-10-12,0.5187369669976016
2018-10-15,0.48952962934795424
2018-10-16,0.4884559752785754
2018-10-17,0.4568174745240662
2018-10-18,0.464229778314203
2018-10-19,0.47431030779442235
2018-10-22,0.4455119699843986
2018-10-23,0.3792691930982872
2018-10-24,0.40224609188134763
2018-10-25,0.42341230232244637
2018-10-26,0.39227547193507956
2018-10-29,0.419296667285847
2018-10-30,0.42791086925702504
2018-10-31,0.40995094263474674
2018-11-01,0.41650606919422384
2018-11-02,0.44070066246353984
2018-11-05,0.4609272732724801
2018-11-06,0.4683693415141115
2018-11-07,0.46797246893735567
2018-11-08,0.46837988858705537
2018-11-09,0.4410591380501061
2018-11-12,0.4449662377005524
2018-11-13,0.43257374035131607
2018-11-14,0.3969876425624639
2018-11-15,0.3964421699921708
2018-11-16,0.3931172579328249
2018-11-19,0.3937327519273767
2018-11-20,0.3876674141838209
2018-11-21,0.40111645784607813
2018-11-22,0.3970013764936481
2018-11-23,0.416303257706008
2018-11-26,0.42379239789856793
2018-11-27,0.42620520929807854
2018-11-28,0.4270272849747045
2018-11-29,0.4209525987010924
2018-11-30,0.40562407762355274
2018-12-03,0.40966048432491176
2018-12-04,0.41073228426152336
2018-12-05,0.40491750779186836
2018-12-06,0.41044983951269787
2018-12-07,0.41504626073479606
2018-12-10,0.4272837104691758
2018-12-11,0.42415011033182837
2018-12-12,0.43994028633143434
2018-12-13,0.4340597485931119
2018-12-14,0.4317377800028855
2018-12-17,0.4410057011335318
2018-12-18,0.4402846586207243
2018-12-19,0.4408969841207486
2018-12-20,0.4366670019394848
2018-12-21,0.427863384821879
2018-12-24,0.4227680240825754
2018-12-25,0.4234285703158993
2018-12-26,0.42314761844671617
2018-12-27,0.4232360011712623
2018-12-28,0.426283251778671
2018-12-31,0.42642874558109484
2019-01-02,0.414948462565346
2019-01-03,0.4170200451265111
2019-01-04,0.4097152232189743
2019-01-07,0.1806585793251498
2019-01-08,0.22929878129985995
2019-01-09,0.23243969570856626
2019-01-10,0.24460573883364575
2019-01-11,0.23331827924191514
2019-01-14,0.22011151293352038
2019-01-15,0.24243110681078614
2019-01-16,0.272482416937243
2019-01-17,0.2525487269602964
2019-01-18,0.23143105879967624
2019-01-21,0.24431189133175962
2019-01-22,0.24755734470946922
2019-01-23,0.23413580575252507
2019-01-24,0.2455775297951459
2019-01-25,0.2246549071667854
2019-01-28,0.21052822789228823
2019-01-29,0.16249090475202105
2019-01-30,0.18107934436976988
2019-01-31,0.18110735135454506
2019-02-01,0.15262955638727796
2019-02-04,0.24699716436379193
2019-02-05,0.24545694326277764
2019-02-06,0.25807887874464075
2019-02-07,0.3216757337646485
2019-02-08,0.3229405495024279
2019-02-11,0.32277106340204653
2019-02-12,0.29761313631277303
2019-02-13,0.30535096257718713
2019-02-14,0.3039066256880376
2019-02-15,0.3108299893965585
2019-02-18,0.31709518131011416
2019-02-19,0.3797262781408563
2019-02-20,0.3802078245540146
2019-02-21,0.3778850640903925
2019-02-22,0.38336158426207956
2019-02-25,0.3667631811563144
2019-02-26,0.3046104722664624
2019-02-27,0.3158214861951858
2019-02-28,0.32178668754361905
2019-03-01,0.3140768424014663
2019-03-04,0.3104618701480495
2019-03-05,0.2983795283867485
2019-03-06,0.2538582911384104
2019-03-07,0.2595238801584112
2019-03-08,0.2467589350161497
2019-03-11,0.35979434653419345
2019-03-12,0.32367938355062165
2019-03-13,0.338563223662185
2019-03-14,0.3415513245866026
2019-03-15,0.3065787334504379
2019-03-18,0.32259781127865117
2019-03-19,0.3584385811719365
2019-03-20,0.35801656525814995
2019-03-21,0.3583926738407227
2019-03-22,0.35141727623536656
2019-03-25,0.3355161335700148
2019-03-26,0.36288039915251075
2019-03-27,0.3274175820370207
2019-03-28,0.3154759629629368
2019-03-29,0.3326165972678111
2019-04-01,0.3479200529948413
2019-04-02,0.355675077883288
2019-04-03,0.3539974562380339
2019-04-04,0.3553709960757514
2019-04-05,0.3626818171263847
2019-04-08,0.36446746245137696
2019-04-09,0.3531985923376888
2019-04-10,0.3725704500399355
2019-04-11,0.3736353903540089
2019-04-12,0.37072504987081734
2019-04-15,0.3691815356675779
2019-04-16,0.3566601108369201
2019-04-17,0.36356918760431867
2019-04-18,0.3630269620081684
2019-04-19,0.3629224781371596
2019-04-22,0.37041234732178097
2019-04-23,0.37215381982512163
2019-04-24,0.34918757182077376
2019-04-25,0.34796201181646236
2019-04-26,0.3653181646244588
2019-04-29,0.3449772907728056
2019-04-30,0.31718286483391683
2019-05-01,0.31782188763155633
2019-05-02,0.31782202635938633
2019-05-03,0.31782216509800065
2019-05-06,0.3178223038474011
2019-05-07,0.45212176035071916
2019-05-08,0.4549584684727824
2019-05-09,0.4397320787095121
2019-05-10,0.439636750723017
2019-05-13,0.4297037684113871
2019-05-14,0.39456634040347405
2019-05-15,0.3962687364463649
2019-05-16,0.40197212292268975
2019-05-17,0.4025705221062542
2019-05-20,0.38610467691855344
2019-05-21,0.41910592489986515
2019-05-22,0.40785600331898103
2019-05-23,0.40743780156150244
2019-05-24,0.41306062828763984
2019-05-27,0.41156417237968107
2019-05-28,0.4212532446073997
2019-05-29,0.45221381003797667
2019-05-30,0.44832572016264327
2019-05-31,0.466332024118197
2019-06-03,0.41845352120747115
2019-06-04,0.42493361124547374
2019-06-05,0.4010147748160088
2019-06-06,0.37616935145079955
2019-06-07,0.386311980841582
2019-06-10,0.38466773747940974
2019-06-11,0.3599069013961307
2019-06-12,0.3348815837226755
2019-06-13,0.335867065765037
2019-06-14,0.3430189603372624
2019-06-17,0.3200823652078982
2019-06-18,0.31425017709999453
2019-06-19,0.3370529644313878
2019-06-20,0.3395291243736373
2019-06-21,0.3553730558659373
2019-06-24,0.35244704662569765
2019-06-25,0.332076819336359
2019-06-26,0.32463846404652025
2019-06-27,0.3153392078310205
2019-06-28,0.2963508213472116
2019-07-01,0.2991022311208347
2019-07-02,0.303525856013134
2019-07-03,0.30575497303283267
2019-07-04,0.29406691922598543
2019-07-05,0.30889432421377616
2019-07-08,0.307847527767168
2019-07-09,0.3410887234427002
2019-07-10,0.3296530752964944
2019-07-11,0.3307089713437737
2019-07-12,0.3285206384116059
2019-07-15,0.3217814043262144
2019-07-16,0.3206541084582624
2019-07-17,0.32523789545960125
2019-07-18,0.31449834664046866
2019-07-19,0.3458257893323455
2019-07-22,0.35150561898923544
2019-07-23,0.3926899391932918
2019-07-24,0.3959671903831969
2019-07-25,0.401679459019987
2019-07-26,0.40331456562215906
2019-07-29,0.3972490118155227
2019-07-30,0.23168796887540655
2019-07-31,0.21314533150982276
2019-08-01,0.21383975745615993
2019-08-02,0.22132070804219886
2019-08-05,0.21094542734647984
2019-08-06,0.19237280244587282
2019-08-07,0.2214255550869188
2019-08-08,0.20174629346834985
2019-08-09,0.2072878712351785
2019-08-12,0.2290863933098791
2019-08-13,0.2153265080458569
2019-08-14,0.24292651989669486
2019-08-15,0.23871583834340757
2019-08-16,0.20583915966682373
2019-08-19,0.20272769648536876
2019-08-20,0.21393303181803233
2019-08-21,0.21425893081274314
2019-08-22,0.21627676670398277
2019-08-23,0.21105368788608322
2019-08-26,0.20984490630402275
2019-08-27,0.1990687232342705
2019-08-28,0.2196981611943729
2019-08-29,0.23895080873656266
2019-08-30,0.2543983809979245
2019-09-02,0.25738083291551817
2019-09-03,0.2225140357483841
2019-09-04,0.2591751649173106
2019-09-05,0.2651191060051388
2019-09-06,0.2737630974359401
2019-09-09,0.29786349019446273
2019-09-10,0.30378689124413116
2019-09-11,0.30899981490243933
2019-09-12,0.29638001763953825
2019-09-13,0.2668094730391696
2019-09-16,0.24950800789092634
2019-09-17,0.2514483753818799
2019-09-18,0.2739679389155734
2019-09-19,0.2718881230761701
2019-09-20,0.286777291119741
2019-09-23,0.2834402423440314
2019-09-24,0.2856039696009339
2019-09-25,0.2860930991286657
2019-09-26,0.35073545397016587
2019-09-27,0.3747704339791998
2019-09-30,0.3701389908231288
2019-10-01,0.315712214532915
2019-10-02,0.32144178489856995
2019-10-03,0.32008370903251265
2019-10-04,0.3287008305944465
2019-10-07,0.3318218726743796
2019-10-08,0.3272633865966954
2019-10-09,0.3212463885584511
2019-10-10,0.3166044906104862
2019-10-11,0.2873421696504774
2019-10-14,0.27722396474657796
2019-10-15,0.24567821661344263
2019-10-16,0.20538443503521633
2019-10-17,0.17892747663505096
2019-10-18,0.17726426944461107
2019-10-21,0.18210418404129122
2019-10-22,0.18538604186936136
2019-10-23,0.20051765650145684
2019-10-24,0.20540945830523435
2019-10-25,0.1867807966300286
2019-10-28,0.21758447513020376
2019-10-29,0.2581140122457453
2019-10-30,0.1805267898989645
2019-10-31,0.2166759807814723
2019-11-01,0.20509651304829699
2019-11-04,0.27057182709453104
2019-11-05,0.2885130579607156
2019-11-06,0.28986731460521636
2019-11-07,0.3136269997871324
2019-11-08,0.3559036908373417
2019-11-11,0.3592678474776881
2019-11-12,0.3439592183853399
2019-11-13,0.33852803697915446
2019-11-14,0.34051949520895125
2019-11-15,0.33649095670085977
2019-11-18,0.3140996943379064
2019-11-19,0.3303456605419744
2019-11-20,0.3254264608783421
2019-11-21,0.33217577007467025
2019-11-22,0.3234117001592027
2019-11-25,0.30628192568926965
2019-11-26,0.3336270371877804
2019-11-27,0.3174925260879919
2019-11-28,0.30906372090734174
2019-11-29,0.2911070199220973
2019-12-02,0.31249057535141717
2019-12-03,0.3087426242439752
2019-12-04,0.24143220358337228
2019-12-05,0.24404278013682804
2019-12-06,0.2621941808577508
2019-12-09,0.2601482555666689
2019-12-10,0.2656058364765559
2019-12-11,0.23833618999584968
2019-12-12,0.24127324681406914
2019-12-13,0.23752747790383816
2019-12-16,0.2432443072651621
2019-12-17,0.25609954693982157
2019-12-18,0.27108476658664205
2019-12-19,0.22125988681424116
2019-12-20,0.17051672017541064
2019-12-23,0.1495676663457013
2019-12-24,0.13234140153004975
2019-12-25,0.14692513317459321
2019-12-26,0.14186403093939468
2019-12-27,0.14771487474032577
2019-12-30,0.11669972252444079
2019-12-31,0.11668393659828266
2020-01-02,0.11396522660522612
2020-01-03,0.1537366488120829
2020-01-06,0.1565448212769452
2020-01-07,0.14906762493230877
2020-01-08,0.1548578778335804
2020-01-09,0.23118618768725666
2020-01-10,0.27131221540176104
2020-01-13,0.26491639552354906
2020-01-14,0.2389412573359235
2020-01-15,0.22120315117059608
2020-01-16,0.21221741613845896
2020-01-17,0.19557699935132983
2020-01-20,0.19914266051970458
2020-01-21,0.1670298644416589
2020-01-22,0.17314693248801688
2020-01-23,0.15469960803870136
2020-01-24,0.1756186753906286
2020-01-27,0.1774990703872311
2020-01-28,0.18117147887651058
2020-01-29,0.1792151333487623
2020-01-30,0.17301145907067492
2020-01-31,0.15234096151085688
2020-02-03,0.15110570072064294
2020-02-04,0.600244950781488
2020-02-05,0.6149924599865736
2020-02-06,0.6342363158394856
2020-02-07,0.6495501221860928
2020-02-10,0.6527101398275452
2020-02-11,0.6630636440905441
2020-02-12,0.6331979455786941
2020-02-13,0.6404611557874518
2020-02-14,0.538029399478328
2020-02-17,0.49776436085616704
2020-02-18,0.4808629773937715
2020-02-19,0.4568635620431659
2020-02-20,0.46426864315768357
2020-02-21,0.45756712312482306
2020-02-24,0.45029185998070875
2020-02-25,0.4344030702369358
2020-02-26,0.4366451962994341
2020-02-27,0.45434250425998257
2020-02-28,0.4527253117841473
2020-03-02,0.5000443831127008
2020-03-03,0.5025176860751184
2020-03-04,0.5004042243564653
2020-03-05,0.5012227864101462
2020-03-06,0.4978848631424576
2020-03-09,0.5000373059223161
2020-03-10,0.5254373724215466
2020-03-11,0.511944138218435
2020-03-12,0.5096736957172294
2020-03-13,0.518828422504876
2020-03-16,0.5194740942622232
2020-03-17,0.5524768548766269
2020-03-18,0.5513055480451
2020-03-19,0.531813299596727
2020-03-20,0.5241446877030127
2020-03-23,0.5263056058295092
2020-03-24,0.4889395815286011
2020-03-25,0.49895497592612026
2020-03-26,0.5130917850549975
2020-03-27,0.5108372325297695
2020-03-30,0.5076797155753339
2020-03-31,0.5073450777445825
2020-04-01,0.505773872588643
2020-04-02,0.5001335940740209
2020-04-03,0.49773562580746583
2020-04-06,0.49952299368278746
2020-04-07,0.5038224376555128
2020-04-08,0.5264960817129896
2020-04-09,0.5255735956073869
2020-04-10,0.5274676736872864
2020-04-13,0.5250925089347744
2020-04-14,0.5327701829652314
2020-04-15,0.5393850621375311
2020-04-16,0.5450233238303119
2020-04-17,0.5456574167766117
2020-04-20,0.5455140412662796
2020-04-21,0.5394248557718495
2020-04-22,0.5396551444832624
2020-04-23,0.5407121671414663
2020-04-24,0.5317013395130523
2020-04-27,0.5318580691594376
2020-04-28,0.4031698366619105
2020-04-29,0.38678935706545803
2020-04-30,0.3642217886709412
2020-05-01,0.35939858536555574
2020-05-04,0.3575009956046375
2020-05-05,0.35519149915179926
2020-05-06,0.368625172847723
2020-05-07,0.3300938976919769
2020-05-08,0.38891105610033305
2020-05-11,0.4263471050809788
2020-05-12,0.43543860053860445
2020-05-13,0.4571266086427535
2020-05-14,0.4567240461475934
2020-05-15,0.46305558872255925
2020-05-18,0.4717310063837003
2020-05-19,0.4837797049492287
2020-05-20,0.484805553903811
2020-05-21,0.48126620140902676
2020-05-22,0.48662869895830774
2020-05-25,0.4413566968536792
2020-05-26,0.4320814678901659
2020-05-27,0.4479524870007762
2020-05-28,0.45247551433315925
2020-05-29,0.45457746115697883
2020-06-01,0.4544503566480673
2020-06-02,0.4086660084960778
2020-06-03,0.42718210556906855
2020-06-04,0.4259527459251735
2020-06-05,0.4096900896569932
2020-06-08,0.40600724981064223
2020-06-09,0.3349282876927003
2020-06-10,0.3581350320703721
2020-06-11,0.38531816977595823
2020-06-12,0.4085392753376532
2020-06-15,0.37470180016435956
2020-06-16,0.44493211239810043
2020-06-17,0.44178109337286714
2020-06-18,0.40895409038324404
2020-06-19,0.3991297622894808
2020-06-22,0.4078326523993914
2020-06-23,0.4134747392374462
2020-06-24,0.41361094358382094
2020-06-25,0.4020181613813736
2020-06-26,0.40434832045248453
2020-06-29,0.4010541361140745
2020-06-30,0.40345056526382034
2020-07-01,0.35220104234788907
2020-07-02,0.34597083283806285
2020-07-03,0.3532157535875353
2020-07-06,0.37351467386961085
2020-07-07,0.4448707191237891
2020-07-08,0.4339928266651778
2020-07-09,0.44782049949688896
2020-07-10,0.47225089268678566
2020-07-13,0.47553330081699274
2020-07-14,0.49512408444730094
2020-07-15,0.5055337676876627
2020-07-16,0.5114479251259106
2020-07-17,0.5399043748519631
2020-07-20,0.5397652093585309
2020-07-21,0.5705129647316187
2020-07-22,0.5776812741076838
2020-07-23,0.590013691625865
2020-07-24,0.5786198819939853
2020-07-27,0.5497029496178846
2020-07-28,0.539941265625129
2020-07-29,0.5308125713457079
2020-07-30,0.5583058465343443
2020-07-31,0.5596704591269793
2020-08-03,0.5541283540389177
2020-08-04,0.5375290295537452
2020-08-05,0.5336106917348871
2020-08-06,0.5362907326163341
2020-08-07,0.5326029201656493
2020-08-10,0.5255796249794069
2020-08-11,0.5326027521148196
2020-08-12,0.5374502805982458
2020-08-13,0.5431020646420479
2020-08-14,0.5369210960777434
2020-08-17,0.5241855802534517
2020-08-18,0.5155396440759685
2020-08-19,0.5110991259031329
2020-08-20,0.4986092755637555
2020-08-21,0.5059439323596885
2020-08-24,0.5071344287448142
2020-08-25,0.5154988795116641
2020-08-26,0.4944383891556369
2020-08-27,0.504829005829036
2020-08-28,0.5060216064619593
2020-08-31,0.4988892811820991
2020-09-01,0.49714287197021845
2020-09-02,0.49124572840452924
2020-09-03,0.4819368724497987
2020-09-04,0.43407431521328277
2020-09-07,0.4177588157207195
2020-09-08,0.45874999133821764
2020-09-09,0.44357482642413026
2020-09-10,0.4777642822203009
2020-09-11,0.4392683522211081
2020-09-14,0.4279401484973946
2020-09-15,0.42883653737121624
2020-09-16,0.42910325939159477
2020-09-17,0.43219329390239325
2020-09-18,0.43186427529143995
2020-09-21,0.4355738342514442
2020-09-22,0.43835563901946556
2020-09-23,0.44610500288243016
2020-09-24,0.44931418640704285
2020-09-25,0.4487576273476565
2020-09-28,0.44424967451957115
2020-09-29,0.40290465206745635
2020-09-30,0.40420056625673884
2020-10-01,0.39445723130137905
2020-10-02,0.38025993050970325
2020-10-05,0.38217977963586564
2020-10-06,0.3694359629871436
2020-10-07,0.36368326915213667
2020-10-08,0.35691994602262206
2020-10-09,0.3355172776744782
2020-10-12,0.3649805113258005
2020-10-13,0.3274048558124072
2020-10-14,0.3257314239974405
2020-10-15,0.3191829319377963
2020-10-16,0.3200818759489718
2020-10-19,0.3329370388910023
2020-10-20,0.3309390921073124
2020-10-21,0.338879598273759
2020-10-22,0.3361132621892498
2020-10-23,0.33509150014501726
2020-10-26,0.340162459690225
2020-10-27,0.36085885983764787
2020-10-28,0.3668362136942274
2020-10-29,0.35929947930126904
2020-10-30,0.35762444262168613
2020-11-02,0.36888507474963556
2020-11-03,0.36691441292943544
2020-11-04,0.37149591195893306
2020-11-05,0.3566587730563036
2020-11-06,0.3685021409235914
2020-11-09,0.36667354416754994
2020-11-10,0.385724752775263
2020-11-11,0.38806645274184937
2020-11-12,0.3736160986962974
2020-11-13,0.3685643081933956
2020-11-16,0.3681900530745223
2020-11-17,0.38231526308051045
2020-11-18,0.3954683760814153
2020-11-19,0.3842499641889585
2020-11-20,0.3795915896737675
2020-11-23,0.3923820650471775
2020-11-24,0.40205912891759993
2020-11-25,0.41117587869209465
2020-11-26,0.40862131870454255
2020-11-27,0.455694502290143
2020-11-30,0.5112581132153055
2020-12-01,0.4675787951704679
2020-12-02,0.4570658962402104
2020-12-03,0.35732561206430924
2020-12-04,0.4785958792078497
2020-12-07,0.5288836890259536
2020-12-08,0.5310675283459187
2020-12-09,0.5258250562112202
2020-12-10,0.5270043779404963
2020-12-11,0.5225733456914446
2020-12-14,0.4971152074927609
2020-12-15,0.48408289145774275
2020-12-16,0.46477758381334416
2020-12-17,0.4396610820681914
2020-12-18,0.4330322964301736
2020-12-21,0.4319042571667477
2020-12-22,0.3992735706403209
2020-12-23,0.4545767351414747
2020-12-24,0.4546191705481095
2020-12-25,0.41271746223036526
2020-12-28,0.40623879785785216
2020-12-29,0.3997613554559822
2020-12-30,0.3398750269649854
2020-12-31,0.3134398990976119
2021-01-04,0.30373500538351705
2021-01-05,0.18627999073341694
2021-01-06,0.14859300285105634
2021-01-07,0.15087459974066897
2021-01-08,0.147136855533539
2021-01-11,0.14692629276058036
2021-01-12,0.17643389047991775
2021-01-13,0.18995037123779282
2021-01-14,0.17351057025987338
2021-01-15,0.1828682397326047
2021-01-18,0.18238561443974016
2021-01-19,0.14206448383652615
2021-01-20,0.1457979713546716
2021-01-21,0.12969017946562011
2021-01-22,0.14263950189215205
2021-01-25,0.13887116496481497
2021-01-26,0.10831234438562114
2021-01-27,0.1257522069294639
2021-01-28,0.11272406548027476
2021-01-29,0.18718912164202545
2021-02-01,0.16999104755319755
2021-02-02,0.17528233345574587
2021-02-03,0.173369715168759
2021-02-04,0.1620172091089219
2021-02-05,0.21414587842461727
2021-02-08,0.18741806051110022
2021-02-09,0.2011211582606299
2021-02-10,0.1975710559520653
2021-02-11,0.2016334962871557
2021-02-12,0.2024210259959307
2021-02-16,0.2023134831633969
2021-02-17,0.19566452070868776
2021-02-18,0.1773316985666994
2021-02-19,0.18474382279534116
2021-02-22,0.17566239863130106
2021-02-23,0.175342582085655
2021-02-24,0.17767581604846627
2021-02-25,0.21385032195316164
2021-02-26,0.19412988329358308
2021-03-01,0.28020749149034974
2021-03-02,0.3150388103824949
2021-03-03,0.29962623982540293
2021-03-04,0.2885949882567467
2021-03-05,0.336272450286648
2021-03-08,0.3340466634800931
2021-03-09,0.3031601568816698
2021-03-10,0.2069039768527439
2021-03-11,0.20738153714185914
2021-03-12,0.2708406265812388
2021-03-15,0.26942682787130756
2021-03-16,0.25906589548753417
2021-03-17,0.25995082580177054
2021-03-18,0.2789064668014005
2021-03-19,0.25172604337510057
2021-03-22,0.26089513323500113
2021-03-23,0.2660351067091116
2021-03-24,0.2634861405325425
2021-03-25,0.2736782840935113
2021-03-26,0.30549931466415886
2021-03-29,0.33465817008023696
2021-03-30,0.33994064499936766
2021-03-31,0.3664040280437829
2021-04-01,0.3801450649577589
2021-04-02,0.3844227289673633
2021-04-05,0.3894088901311457
2021-04-06,0.38848366524022854
2021-04-07,0.37828185050101454
2021-04-08,0.3707948603657642
2021-04-09,0.38775321049656225
2021-04-12,0.3824161290085594
2021-04-13,0.3455288048240152
2021-04-14,0.3664405892887201
2021-04-15,0.3713737077502761
2021-04-16,0.38534483513161044
2021-04-19,0.38351346232328165
2021-04-20,0.3912515329903996
2021-04-21,0.38952929525872004
2021-04-22,0.3845207046789176
2021-04-23,0.3858694939813295
2021-04-26,0.3392392776698523
2021-04-27,0.3214309629484777
2021-04-28,0.3230728359499327
2021-04-29,0.30811481425373544
2021-04-30,0.31374129647164833
2021-05-03,0.3043273279658853
2021-05-04,0.3290164496209618
2021-05-05,0.3208220582625188
2021-05-06,0.30446696807171436
2021-05-07,0.3006130869402873
2021-05-10,0.2985426717223017
2021-05-11,0.3016362213889547
2021-05-12,0.3016951612201063
2021-05-13,0.30824020777900885
2021-05-14,0.3261559552983769
2021-05-17,0.33938471557656724
2021-05-18,0.34645483725352605
2021-05-19,0.345847478788807
2021-05-20,0.32499420902702736
2021-05-21,0.3507182673105433
2021-05-24,0.26713613377141016
2021-05-25,0.23303176225589298
2021-05-26,0.2507374409549278
2021-05-27,0.2616873166086306
2021-05-28,0.1664122603508941
2021-05-31,0.16835930989930295
2021-06-01,0.21180594967154287
2021-06-02,0.4088998866309129
2021-06-03,0.42834482665685614
2021-06-04,0.31189600762508246
2021-06-07,0.32692427259075396
2021-06-08,0.3290396550660137
2021-06-09,0.31920023396699376
2021-06-10,0.32295735221838756
2021-06-11,0.2923508287031399
2021-06-14,0.24704778766062202
2021-06-15,0.30152013250872833
2021-06-16,0.2717979626056137
2021-06-17,0.27023977588899545
2021-06-18,0.24683614170157403
2021-06-21,0.21457695177037678
2021-06-22,0.16723313133606355
2021-06-23,0.17407990900177356
2021-06-24,0.20136032983994734
2021-06-25,0.19626094932095164
2021-06-28,0.20359931935673287
2021-06-29,0.20237057920568954
2021-06-30,0.19301279888168918
2021-07-01,0.19838200537683193
2021-07-02,0.19938646415044198
2021-07-05,0.1945123177178
2021-07-06,0.30157482145004244
2021-07-07,0.2941600477926913
2021-07-08,0.2848428806626629
2021-07-09,0.2843643357645431
2021-07-12,0.27103296767499047
2021-07-13,0.28747528729673455
2021-07-14,0.2935385404755598
2021-07-15,0.29311836460199514
2021-07-16,0.2902575416018103
2021-07-19,0.3003431876599836
2021-07-20,0.3302748911409425
2021-07-21,0.3339277112421715
2021-07-22,0.36709461663157666
2021-07-23,0.37531435192755713
2021-07-26,0.37259841721678133
2021-07-27,0.3034934162793642
2021-07-28,0.30457008354508713
2021-07-29,0.32811678013459766
2021-07-30,0.3855353552012202
2021-08-02,0.38755622906147363
2021-08-03,0.4082039874164346
2021-08-04,0.43681843479420324
2021-08-05,0.4634205974440316
2021-08-06,0.43673695491268233
2021-08-09,0.43175827698365976
2021-08-10,0.41539608901432157
2021-08-11,0.40971434671841045
2021-08-12,0.41524357296675624
2021-08-13,0.4053093307679783
2021-08-16,0.4046821345797782
2021-08-17,0.41119102970749083
2021-08-18,0.4271516697476737
2021-08-19,0.4289770866894454
2021-08-20,0.4270718786411338
2021-08-23,0.4255315212186602
2021-08-24,0.4400059260389158
2021-08-25,0.4432635103745375
2021-08-26,0.42327174886037633
2021-08-27,0.42624247273971927
2021-08-30,0.43551823526709993
2021-08-31,0.43712225200396454
2021-09-01,0.44423790896773313
2021-09-02,0.44385576385110526
2021-09-03,0.45020322210338093
2021-09-06,0.4517771745038317
2021-09-07,0.4472033871559556
2021-09-08,0.48166097180419576
2021-09-09,0.45864397649265853
2021-09-10,0.4552404880405126
2021-09-13,0.4525926717665376
2021-09-14,0.49989360588435344
2021-09-15,0.5183787742121219
2021-09-16,0.5123666433123415
2021-09-17,0.5330943467428344
2021-09-20,0.5313803283351718
2021-09-21,0.5336238910210215
2021-09-22,0.5401669429586974
2021-09-23,0.5310520045865998
2021-09-24,0.5314104742753631
2021-09-27,0.540059313454281
2021-09-28,0.5278844676695666
2021-09-29,0.5207118877999768
2021-09-30,0.5507289043105033
2021-10-01,0.5516610552616987
2021-10-04,0.5509340774527209
2021-10-05,0.5404534139626231
2021-10-06,0.5385279904345872
2021-10-07,0.5369818274402848
2021-10-08,0.5363598584789726
2021-10-11,0.4741661966434031
2021-10-12,0.47078571993218626
2021-10-13,0.5012777847619219
2021-10-14,0.4822891559786474
2021-10-15,0.47935553641755557
2021-10-18,0.47996883048414635
2021-10-19,0.5202322597974566
2021-10-20,0.532317412119791
2021-10-21,0.5215829656964354
2021-10-22,0.4914868332536638
2021-10-25,0.4895958303680291
2021-10-26,0.46578776962451995
2021-10-27,0.45362198169474993
2021-10-28,0.41897842842201777
2021-10-29,0.4046163075628185
2021-11-01,0.4156042350258239
2021-11-02,0.422848635106158
2021-11-03,0.40686699377551444
2021-11-04,0.3996441018099381
2021-11-05,0.405216063243444
2021-11-08,0.37719606500628544
2021-11-09,0.37899529860031383
2021-11-10,0.37286238826702345
2021-11-11,0.3723911658771441
2021-11-12,0.3885633181263913
2021-11-15,0.3894501920477718
2021-11-16,0.3320670135041974
2021-11-17,0.32330451423128226
2021-11-18,0.337906876971419
2021-11-19,0.3350360035127611
2021-11-22,0.35413501211239695
2021-11-23,0.3207770575796231
2021-11-24,0.2829600647869727
2021-11-25,0.2880872635573453
2021-11-26,0.27543817199957027
2021-11-29,0.2772825245317405
2021-11-30,0.2724462385690238
2021-12-01,0.2445372903601984
2021-12-02,0.25056068507832074
2021-12-03,0.27974137045587355
2021-12-06,0.2950287767477682
2021-12-07,0.31399693380213006
2021-12-08,0.28953509732713645
2021-12-09,0.33273272881972127
2021-12-10,0.31479042410810315
2021-12-13,0.311203407208438
2021-12-14,0.31763506532206637
2021-12-15,0.3208560330052754
2021-12-16,0.32108660915214315
2021-12-17,0.34133390624601856
2021-12-20,0.3424739171831715
2021-12-21,0.39723541639436305
2021-12-22,0.4064978475820002
2021-12-23,0.3802316628748335
2021-12-24,0.38345852085739324
2021-12-27,0.37276187919017
2021-12-28,0.37328459181882456
2021-12-29,0.37386049292101137
2021-12-30,0.38055875995793015
2021-12-31,0.3814422500170709
2022-01-03,0.4033095603217655
2022-01-04,0.40317046047679
2022-01-05,0.3409505651657915
2022-01-06,0.3220721100245844
2022-01-07,0.3112029966989178
2022-01-10,0.31324292137372794
2022-01-11,0.32677116088846825
2022-01-12,0.3190502861521147
2022-01-13,0.32874913255206334
2022-01-14,0.32760098517689323
2022-01-17,0.32887869144739906
2022-01-18,0.3337727041343353
2022-01-19,0.3341971546262673
2022-01-20,0.32216246162120754
2022-01-21,0.28725026890880606
2022-01-24,0.2790654219343976
2022-01-25,0.2707185230087188
2022-01-26,0.2916097005160476
2022-01-27,0.2884389477467185
2022-01-28,0.25665616447204453
2022-01-31,0.27625527274492107
2022-02-01,0.2718643031917852
2022-02-02,0.2699413739060281
2022-02-03,0.2689230354181826
2022-02-04,0.2740869685666345
2022-02-07,0.27748606552997046
2022-02-08,0.3643302226130364
2022-02-09,0.37437716748458466
2022-02-10,0.39595538617624265
2022-02-11,0.3937129518243795
2022-02-14,0.4057294491376805
2022-02-15,0.44068293914406953
2022-02-16,0.4480756711458331
2022-02-17,0.44629320628773606
2022-02-18,0.4451368143235348
2022-02-21,0.4601129044615038
2022-02-22,0.45983790370106975
2022-02-23,0.44911746393481616
2022-02-24,0.4451216986889845
2022-02-25,0.357919299562506
2022-02-28,0.3065794518019496
2022-03-01,0.2843191232394532
2022-03-02,0.2949349545012357
2022-03-03,0.2664232037030461
2022-03-04,0.2653753454347319
2022-03-07,0.26911236387737003
2022-03-08,0.14986729412176034
2022-03-09,0.16076044710800877
2022-03-10,0.1502462776180722
2022-03-11,0.056887443510564226
2022-03-14,0.06129350164649317
2022-03-15,0.05778562240541927
2022-03-16,0.31877822539006656
2022-03-17,0.33345461352982103
2022-03-18,0.3364715419648881
2022-03-21,0.35102140795601905
2022-03-22,0.353661998663339
2022-03-23,0.3517749610810555
2022-03-24,0.3503434479073201
2022-03-25,0.3541269305515599
2022-03-28,0.3528634279879926
2022-03-29,0.3447084080154868
2022-03-30,0.34466623488306214
2022-03-31,0.3160118668406817
2022-04-01,0.32316442492013187
2022-04-04,0.2912284940304596
2022-04-05,0.2903369108462901
2022-04-06,0.29009144584761
2022-04-07,0.28661642851527275
2022-04-08,0.2997855896785416
2022-04-11,0.3009718392757025
2022-04-12,0.3183720829771022
2022-04-13,0.2903015393248046
2022-04-14,0.2835582175572399
2022-04-15,0.3013879401933603
2022-04-18,0.3080171406679658
2022-04-19,0.3071451007673859
2022-04-20,0.3037052192677065
2022-04-21,0.29266723292487223
2022-04-22,0.26673696495054816
2022-04-25,0.2672063531237685
2022-04-26,0.40441024614116017
2022-04-27,0.4127831519489799
2022-04-28,0.41361431080452943
2022-04-29,0.41214443014428354
2022-05-02,0.44470171775935363
2022-05-03,0.4357986101423282
2022-05-04,0.4306407259468998
2022-05-05,0.4208749244613303
2022-05-06,0.42092345175691986
2022-05-09,0.42853764221905083
2022-05-10,0.4269777817962393
2022-05-11,0.417837444996344
2022-05-12,0.41839397658486077
2022-05-13,0.42028343763373416
2022-05-16,0.4215359567194096
2022-05-17,0.4211621423443346
2022-05-18,0.4300221707336838
2022-05-19,0.42813111568530576
2022-05-20,0.46676372107046393
2022-05-23,0.4950809969993518
2022-05-24,0.499828107159218
2022-05-25,0.5097067435946586
2022-05-26,0.5121660520961732
2022-05-27,0.5140802724554805
2022-05-30,0.5135204114312816
2022-05-31,0.586886018092724
2022-06-01,0.5916288795869039
2022-06-02,0.6062371128499275
2022-06-03,0.6451882761118493
2022-06-06,0.6431130613185119
2022-06-07,0.6412139745556366
2022-06-08,0.5570542176443578
2022-06-09,0.5441126962882906
2022-06-10,0.5347709386544691
2022-06-13,0.5201037352956336
2022-06-14,0.5173284491252256
2022-06-15,0.5291594449412672
2022-06-16,0.5276736499679177
2022-06-17,0.5268655306170026
2022-06-20,0.542696424303343
2022-06-21,0.5350548165742965
2022-06-22,0.5364070139267312
2022-06-23,0.5702561949463316
2022-06-24,0.5499004987451538
2022-06-27,0.5848013202442334
2022-06-28,0.5825723630332723
2022-06-29,0.5893237716469967
2022-06-30,0.5977603352515743
2022-07-01,0.5927384504055537
2022-07-04,0.5961844904177444
2022-07-05,0.5930459974976814
2022-07-06,0.6184433764886595
2022-07-07,0.6365649559985235
2022-07-08,0.6322638338619345
2022-07-11,0.627554557667184
2022-07-12,0.6332914797519411
2022-07-13,0.6332998580088554
2022-07-14,0.6595074062773304
2022-07-15,0.7297190918944692
2022-07-18,0.7025496292803841
2022-07-19,0.5904457690479669
2022-07-20,0.5736306138955848
2022-07-21,0.566000513211569
2022-07-22,0.5712628194276328
2022-07-25,0.4991883687058884
2022-07-26,0.5081082015169032
2022-07-27,0.5085038029026075
2022-07-28,0.5091325512571155
2022-07-29,0.5031531303388169
2022-08-01,0.4070284583437974
2022-08-02,0.4120143565306185
2022-08-03,0.4373108928582924
2022-08-04,0.44391587285145373
2022-08-05,0.4461498716524617
2022-08-08,0.44935553084351515
2022-08-09,0.44625249579850995
2022-08-10,0.4424498232921398
2022-08-11,0.44284868904416597
2022-08-12,0.4716831899616392
2022-08-15,0.4623312443120387
2022-08-16,0.4554466672647267
2022-08-17,0.4295324140465557
2022-08-18,0.4264956611485121
2022-08-19,0.4288266335975955
2022-08-22,0.4263371853951322
2022-08-23,0.39045715235951256
2022-08-24,0.395781388252309
2022-08-25,0.37014170466869395
2022-08-26,0.3786038855598976
2022-08-29,0.3764748916395573
2022-08-30,0.3235190939315676
2022-08-31,0.32268855016726183
2022-09-01,0.31945589349192244
2022-09-02,0.32599910197915677
2022-09-05,0.3448506224717001
2022-09-06,0.3485975352668417
2022-09-07,0.3329355154689503
2022-09-08,0.3314610688204602
2022-09-09,0.32420460233559445
2022-09-12,0.3181507346832642
2022-09-13,0.32709040361010633
2022-09-14,0.29483073304789725
2022-09-15,0.29292207954378874
2022-09-16,0.33726529179176046
2022-09-19,0.34679453622890904
2022-09-20,0.3394365188052132
2022-09-21,0.3282749624399574
2022-09-22,0.31658488218687064
2022-09-23,0.31178038287650334
2022-09-26,0.3137864396732375
2022-09-27,0.32245441497094157
2022-09-28,0.3244361168633608
2022-09-29,0.29007099672266484
2022-09-30,0.29228538121922687
2022-10-03,0.29410833233698375
2022-10-04,0.28136607435982414
2022-10-05,0.27835231750780437
2022-10-06,0.28160998808609433
2022-10-07,0.28939341914437566
2022-10-10,0.3043272251041813
2022-10-11,0.2609745624320518
2022-10-12,0.2636090803041838
2022-10-13,0.24265407936373123
2022-10-14,0.24616113747166912
2022-10-17,0.2719428354879325
2022-10-18,0.24608643071719144
2022-10-19,0.24338154559254313
2022-10-20,0.24561499038226625
2022-10-21,0.2437922622439529
2022-10-24,0.27124286491664623
2022-10-25,0.2569400905187582
2022-10-26,0.25959902521494593
2022-10-27,0.2655598618299151
2022-10-28,0.2589833632136481
2022-10-31,0.25710058369597816
2022-11-01,0.26351335480498056
2022-11-02,0.3018970618216434
2022-11-03,0.3015715780622197
2022-11-04,0.25415385389390827
2022-11-07,0.25758883414557665
2022-11-08,0.25467830775057354
2022-11-09,0.24928741439685104
2022-11-10,0.23553648503529112
2022-11-11,0.23609887149595166
2022-11-14,0.2547909773291519
2022-11-15,0.2855256057029338
2022-11-16,0.2945620315258527
2022-11-17,0.2989516311023718
2022-11-18,0.2932381442854449
2022-11-21,0.2955238146184888
2022-11-22,0.3630002260361929
2022-11-23,0.36736607690755674
2022-11-24,0.35242186428881744
2022-11-25,0.3428077378045884
2022-11-28,0.33640294430194884
2022-11-29,0.33632782776594927
2022-11-30,0.31481617655364075
2022-12-01,0.31591395328902927
2022-12-02,0.3274188768729234
2022-12-05,0.32846919735531516
2022-12-06,0.31308098776932447
2022-12-07,0.33994367497995936
2022-12-08,0.3264578769571785
2022-12-09,0.30014537994590396
2022-12-12,0.28558134680811714
2022-12-13,0.29045218258512645
2022-12-14,0.2821799011860796
2022-12-15,0.26330480055840016
2022-12-16,0.2594129880271453
2022-12-19,0.2607905091919829
2022-12-20,0.2477959062501622
2022-12-21,0.2550883462947635
2022-12-22,0.2446766573559089
2022-12-23,0.21839785572401177
2022-12-26,0.21515012731134192
2022-12-27,0.23413595353631161
2022-12-28,0.23706076387518116
2022-12-29,0.24060364678906745
2022-12-30,0.24008897840236124
2023-01-03,0.23983069383928818
2023-01-04,0.24652123609922771
2023-01-05,0.25412452666992635
2023-01-06,0.23880021847352995
2023-01-09,0.2371102108652318
2023-01-10,0.21166483692380983
2023-01-11,0.23222869169506158
2023-01-12,0.22951486736685142
2023-01-13,0.2216272307654455
2023-01-16,0.22606219341467965
2023-01-17,0.21595254947445813
2023-01-18,0.22402786456787466
2023-01-19,0.22401674067945818
2023-01-20,0.19823521970723368
2023-01-23,0.19368346175952122
2023-01-24,0.15609841710690775
2023-01-25,0.15651943883534877
2023-01-26,0.10248404694063587
2023-01-27,0.10395110121486449
2023-01-30,0.10360963876719201
2023-01-31,0.10390463636499676
2023-02-01,0.1028010686866467
2023-02-02,0.13986857134177014
2023-02-03,0.1598074381312007
2023-02-06,0.1622321957031446
2023-02-07,0.13786225632474552
2023-02-08,0.1331290848250245
2023-02-09,0.1365965932593397
2023-02-10,0.1653236690876791
2023-02-13,0.16866295852169969
2023-02-14,0.16862574796922467
2023-02-15,0.17045819042469967
2023-02-16,0.16723497352527975
2023-02-17,0.13129634288717898
2023-02-20,0.16266531058656375
2023-02-21,0.20073592543097465
2023-02-22,0.19068103378338142
2023-02-23,0.2529573994321783
2023-02-24,0.24877318865069298
2023-02-27,0.22493605845328965
2023-02-28,0.23323082440264029
2023-03-01,0.26069779161138606
2023-03-02,0.25999603382779296
2023-03-03,0.26662534621302375
2023-03-06,0.26768668751441427
2023-03-07,0.25448091243213633
2023-03-08,0.20021449230564387
2023-03-09,0.18783142149356058
2023-03-10,0.20582279442465456
2023-03-13,0.2601779320233477
2023-03-14,0.25627206544457404
2023-03-15,0.2989769933999895
2023-03-16,0.2971493807094918
2023-03-17,0.36558096481216384
2023-03-20,0.41347941306882974
2023-03-21,0.3965720628553769
2023-03-22,0.37313251581555945
2023-03-23,0.36639078866105407
2023-03-24,0.3647945019921857
2023-03-27,0.36595440986372335
2023-03-28,0.36780927036015165
2023-03-29,0.37125361248542155
2023-03-30,0.36456686281574907
2023-03-31,0.3703025919925227
2023-04-03,0.3764767624185089
2023-04-04,0.3577390188545337
2023-04-05,0.3569117867819616
2023-04-06,0.3716440781788546
2023-04-07,0.37446663513722933
2023-04-10,0.3706762087006935
2023-04-11,0.3872005217420531
2023-04-12,0.387425277214561
2023-04-13,0.3857347408613594
2023-04-14,0.40503033064868726
2023-04-17,0.4118282275038655
2023-04-18,0.41126833504265137
2023-04-19,0.4109110296126335
2023-04-20,0.41353117066454836
2023-04-21,0.41295926487517176
2023-04-24,0.40318818966394204
2023-04-25,0.38487922603897035
2023-04-26,0.3502362400261691
2023-04-27,0.32039892310157797
2023-04-28,0.3188918319023058
2023-05-01,0.3245460362328678
2023-05-02,0.31378561635448377
2023-05-03,0.315616848475321
2023-05-04,0.31264877866052493
2023-05-05,0.29883809311809406
2023-05-08,0.3011262368854111
2023-05-09,0.3135857110561762
2023-05-10,0.3159199375342106
2023-05-11,0.31494967547717395
2023-05-12,0.3584207616043668
2023-05-15,0.3456507775522473
2023-05-16,0.33326615794970277
2023-05-17,0.34803276752272916
2023-05-18,0.3507380995850392
2023-05-19,0.35272451669854804
2023-05-22,0.3557648762054648
2023-05-23,0.34828175074044193
2023-05-24,0.34586489978822
2023-05-25,0.36818475328087075
2023-05-26,0.36195210811504364
2023-05-29,0.35391638962858896
2023-05-30,0.33524094516044883
2023-05-31,0.3875745219553048
2023-06-01,0.415577313035155
2023-06-02,0.4193365263602778
2023-06-05,0.39726373959517275
2023-06-06,0.3763488150366066
2023-06-07,0.3274130386387726
2023-06-08,0.3086016158259512
2023-06-09,0.24773174455610614
2023-06-12,0.2726677738489323
2023-06-13,0.29133091506445924
2023-06-14,0.30099192247624446
2023-06-15,0.3107181751754958
2023-06-16,0.2828522713589099
2023-06-19,0.29109879812687656
2023-06-20,0.29400991979610863
2023-06-21,0.28951003685969257
2023-06-22,0.23104459468758243
2023-06-23,0.23283243217530275
2023-06-26,0.22631343243734864
2023-06-27,0.3237221920264223
2023-06-28,0.27200009661632313
2023-06-29,0.2718982308767509
2023-06-30,0.2732617780476333
2023-07-03,0.27562530431754034
2023-07-04,0.2953594258385287
2023-07-05,0.2812761302028845
2023-07-06,0.2840183451066718
2023-07-07,0.2820796289377683
2023-07-10,0.28101433592017044
2023-07-11,0.2732744956612033
2023-07-12,0.2770824457551078
2023-07-13,0.25956563073211225
2023-07-14,0.25036443759830396
2023-07-17,0.230035917241424
2023-07-18,0.23861979827054025
2023-07-19,0.26691822488333694
2023-07-20,0.26891194374786215
2023-07-21,0.26930434037789913
2023-07-24,0.26215425633676226
2023-07-25,0.2629758273357334
2023-07-26,0.26486869531228496
2023-07-27,0.2641007831739547
2023-07-28,0.27008994339399983
2023-07-31,0.22838438681027357
2023-08-01,0.20911726196465744
2023-08-02,0.19759015563168875
2023-08-03,0.198217018030247
2023-08-04,0.18794814132128104
2023-08-07,0.17969920744943807
2023-08-08,0.18938644257081094
2023-08-09,0.18006644789510234
2023-08-10,0.17273297627407733
2023-08-11,0.17035861321589973
2023-08-14,0.16637184799224314
2023-08-15,0.16588326773902687
2023-08-16,0.15632876063020845
2023-08-17,0.14283852806170041
2023-08-18,0.15509061135549593
2023-08-21,0.16643434297624013
2023-08-22,0.1766000024955272
2023-08-23,0.15347993469700583
2023-08-24,0.17712980157915853
2023-08-25,0.17887783614027683
2023-08-28,0.15277808491061304
2023-08-29,0.17244176532239702
2023-08-30,0.18754662739866332
2023-08-31,0.18942836697482598
2023-09-01,0.1857733834530082
2023-09-04,0.1604159021410822
2023-09-05,0.12668307783711186
2023-09-06,0.1128795609358732
2023-09-07,0.11303396226609776
2023-09-08,0.14392237796606983
2023-09-11,0.12946924227392953
2023-09-12,0.13231204671600466
2023-09-13,0.1314046306289809
2023-09-14,0.1896549531388302
2023-09-15,0.189985598753708
2023-09-18,0.19080167636787387
2023-09-19,0.1095356086453931
2023-09-20,0.16082084376473896
2023-09-21,0.15279229687609916
2023-09-22,0.16187006854974254
2023-09-25,0.1496872794557875
2023-09-26,0.09363689292796341
2023-09-27,0.112005574886671
2023-09-28,0.09857282431071378
2023-09-29,0.09015121717704395
2023-10-02,0.0816068977266228
2023-10-03,0.09544243521184895
2023-10-04,0.07920514368954801
2023-10-05,0.10851551652995275
2023-10-06,0.1055670724782274
2023-10-09,0.1043768184663977
2023-10-10,0.11600859454144091
2023-10-11,0.12788429511501964
2023-10-12,0.13715379178722548
2023-10-13,0.16875591728124845
2023-10-16,0.1769447496879636
2023-10-17,0.16196969917512893
2023-10-18,0.1271336543969204
2023-10-19,0.15158476762850023
2023-10-20,0.19526394966470362
2023-10-23,0.23076263127901184
2023-10-24,0.29539119318306617
2023-10-25,0.30969976428862495
2023-10-26,0.31038752252532903
2023-10-27,0.31816133627559184
2023-10-30,0.32102356391195813
2023-10-31,0.31477816750958
2023-11-01,0.3134442525436236
2023-11-02,0.33705901843260144
2023-11-03,0.3098858607703589
2023-11-06,0.3584574276580624
2023-11-07,0.35590104139875134
2023-11-08,0.36027784547008324
2023-11-09,0.3527935037814398
2023-11-10,0.3387568807274801
2023-11-13,0.3506043878458147
2023-11-14,0.3821153665879839
2023-11-15,0.4228924141450482
2023-11-16,0.40416103029278777
2023-11-17,0.4012289966387992
2023-11-20,0.41410921376152876
2023-11-21,0.33624319553652376
2023-11-22,0.30699886177296926
2023-11-23,0.3332112865440448
2023-11-24,0.3473308871461997
2023-11-27,0.3330166836240729
2023-11-28,0.3775342812323197
2023-11-29,0.390459175841409
2023-11-30,0.38186627866512557
2023-12-01,0.36000045551754595
2023-12-04,0.3634458519826692
2023-12-05,0.34979689301171357
2023-12-06,0.3936928843702407
2023-12-07,0.3858825450698041
2023-12-08,0.3829302095690491
2023-12-11,0.3870135529576162
2023-12-12,0.43558387684029054
2023-12-13,0.429436320282413
2023-12-14,0.4205281196145449
2023-12-15,0.3756290369280404
2023-12-18,0.38923444340260127
2023-12-19,0.3885940455723886
2023-12-20,0.39048935372654486
2023-12-21,0.36868389212832514
2023-12-22,0.3203289520070939
2023-12-25,0.308371559261927
2023-12-26,0.3096919751673114
2023-12-27,0.29091232701144004
2023-12-28,0.29326757058974057
2023-12-29,0.27177229535645997
2024-01-02,0.2413884835526963
2024-01-03,0.2314744250294938
2024-01-04,0.21773478911814734
2024-01-05,0.23604642659640973
2024-01-08,0.23078905750034867
2024-01-09,0.21335992090587194
2024-01-10,0.22789332154222652
2024-01-11,0.22298614654232718
2024-01-12,0.25669222257422486
2024-01-15,0.2397488374885904
2024-01-16,0.23311097527592428
2024-01-17,0.17772691092049306
2024-01-18,0.22950423546415577
2024-01-19,0.22971446985522387
2024-01-22,0.20780312451845476
2024-01-23,0.01841509917755013
2024-01-24,0.00826147273514486
2024-01-25,0.0010245594550783604
2024-01-26,-0.0362450094194939
2024-01-29,-0.013668921542602139
2024-01-30,-0.05517247229611309
2024-01-31,-0.09988821112856397
2024-02-01,-0.05360269547585455
2024-02-02,-0.05161086747251398
2024-02-05,-0.11467239146534502
2024-02-06,-0.11660650796664805
2024-02-07,-0.1410897115845969
2024-02-08,-0.1611760217687198
2024-02-09,-0.14279418116444081
2024-02-12,-0.1455788161228225
2024-02-13,-0.1421769105529578
2024-02-14,-0.13584974064613287
2024-02-15,-0.1360979056939733
2024-02-16,-0.15031701757292631
2024-02-19,-0.15188779838703692
2024-02-20,-0.1498003065698548
2024-02-21,-0.1499656302490537
2024-02-22,-0.14717862929557057
2024-02-23,-0.13549925512890001
2024-02-26,-0.12935574123470883
2024-02-27,-0.1280426350002133
2024-02-28,-0.1290127708537592
2024-02-29,-0.15921258807598226
2024-03-01,-0.18122344205281313
2024-03-04,-0.17675143001482188
2024-03-05,-0.177623592664446
2024-03-06,-0.20088791390473795
2024-03-07,-0.20083660644218207
2024-03-08,-0.20072724928428562
2024-03-11,-0.1945529846984399
2024-03-12,-0.20099496978930526
2024-03-13,-0.20252000081344348
2024-03-14,-0.20144059776997256
2024-03-15,-0.19513735120806938
2024-03-18,-0.19228194117200167
2024-03-19,-0.19439613293552097
2024-03-20,-0.19383875652648982
2024-03-21,-0.18840430023103355
2024-03-22,-0.19167476872600303
2024-03-25,-0.16141196686922515
2024-03-26,-0.1273557357913819
2024-03-27,-0.1264615287018104
2024-03-28,-0.1405053881422945
2024-03-29,-0.15726813802083173
2024-04-01,-0.14918803134303044
2024-04-02,-0.1426216137080698
2024-04-03,-0.14123727219526253
2024-04-04,-0.1362762496586154
2024-04-05,-0.1615158497288823
2024-04-08,-0.16200613058894114
2024-04-09,-0.172366939749395
2024-04-10,-0.1735999449355334
2024-04-11,-0.20845146376169119
2024-04-12,-0.20985794334278304
2024-04-15,-0.20479201915713144
2024-04-16,-0.15160765105421573
2024-04-17,-0.08949807662548608
2024-04-18,-0.09466232197268569
2024-04-19,-0.07843784392528357
2024-04-22,-0.08296054735398814
2024-04-23,-0.04070357635556041
2024-04-24,0.0216136032593609
2024-04-25,0.0023032097756703483
2024-04-26,-0.005018775822285068
2024-04-29,0.07227312844222178
2024-04-30,0.07041553207402376
2024-05-01,0.11627442682876507
2024-05-02,0.17642895375817358
2024-05-03,0.16143744563995907
2024-05-06,0.16143725950282448
2024-05-07,0.17090716705039047
2024-05-08,0.16820452621901696
2024-05-09,0.17112410036973388
2024-05-10,0.1869123439836871
2024-05-13,0.18366001501398133
2024-05-14,0.1805690544668961
2024-05-15,0.1806938720609958
2024-05-16,0.1701889127994687
2024-05-17,0.15948480335450502
2024-05-20,0.1632813958380369
2024-05-21,0.16803776605526724
2024-05-22,0.18009469751080612
2024-05-23,0.20584875743464587
2024-05-24,0.2785908404003
2024-05-27,0.28408980422195895
2024-05-28,0.3007488741606583
2024-05-29,0.29646900619910654
2024-05-30,0.2815503066222192
2024-05-31,0.29709633694180876
2024-06-03,0.28923400412126177
2024-06-04,0.28517860607393014
2024-06-05,0.28411881361796126
2024-06-06,0.2681805142382634
2024-06-07,0.2329911656788287
2024-06-10,0.23164511801715226
2024-06-11,0.24107788204399555
2024-06-12,0.23724056971160956
2024-06-13,0.23718694368565177
2024-06-14,0.25039149482718603
2024-06-17,0.2268840431626192
2024-06-18,0.19898592096440976
2024-06-19,0.2045626259615548
2024-06-20,0.2389650891057223
2024-06-21,0.23846996836998327
2024-06-24,0.21133258385180623
2024-06-25,0.21798756770360217
2024-06-26,0.2181823425819754
2024-06-27,0.25693888162826534
2024-06-28,0.2543812048247048
2024-07-01,0.25912653233203387
2024-07-02,0.2804349984525621
2024-07-03,0.2623215196333658
2024-07-04,0.22924364688702167
2024-07-05,0.234745957744603
2024-07-08,0.26060180493851876
2024-07-09,0.28553439585185697
2024-07-10,0.2706516835796332
2024-07-11,0.3160056553431036
2024-07-12,0.3254842078430419
2024-07-15,0.3041247523363273
2024-07-16,0.24645326789169453
2024-07-17,0.21813718679137833
2024-07-18,0.21357895866770843
2024-07-19,0.19150914996506138
2024-07-22,0.16585597102678323
2024-07-23,0.191743749591011
2024-07-24,0.1395771938791662
2024-07-25,0.15524821684150736
2024-07-26,0.13463343376279638
2024-07-29,0.13126282960910327
2024-07-30,0.11907458799023761
2024-07-31,0.11634492596212297
2024-08-01,0.1586951696943982
2024-08-02,0.14485564250521685
2024-08-05,0.16142670965271286
2024-08-06,0.2085017939985342
2024-08-07,0.21176873523835188
2024-08-08,0.21871214092808172
2024-08-09,0.2195547731759064
2024-08-12,0.20899699625437101
2024-08-13,0.2002508874625363
2024-08-14,0.18798214033104155
2024-08-15,0.19217686558566163
2024-08-16,0.17684534796935955
2024-08-19,0.17175015475516478
2024-08-20,0.1543975487463542
2024-08-21,0.15754293300029656
2024-08-22,0.1691412936310471
2024-08-23,0.17458764027974322
2024-08-26,0.1730521675826502
2024-08-27,0.17880231772132285
2024-08-28,0.17906632986335375
2024-08-29,0.18879636173037023
2024-08-30,0.2069460617363649
2024-09-02,0.21800657839250182
2024-09-03,0.22933533615946727
2024-09-04,0.23932345172427977
2024-09-05,0.23271324941236962
2024-09-06,0.24470213016814477
2024-09-09,0.24531910532827148
2024-09-10,0.2492579561023601
2024-09-11,0.24442569713092951
2024-09-12,0.2450527441128261
2024-09-13,0.2518257424468991
2024-09-16,0.246900733152977
2024-09-17,0.23369536336970576
2024-09-18,0.2328251473048491
2024-09-19,0.20697459539411617
2024-09-20,0.2157157236857178
2024-09-23,0.20692724990218625
2024-09-24,0.21083763992040297
2024-09-25,0.20765495821672889
2024-09-26,0.23332790860058544
2024-09-27,0.26877054284237123
2024-09-30,0.2284835223072517
2024-10-01,0.25441697004818126
2024-10-02,0.23785240937538724
2024-10-03,0.23297974355952647
2024-10-04,0.22334280333691267
2024-10-07,0.22271755425359227
2024-10-08,0.27286275655897585
2024-10-09,0.17746255095727068
2024-10-10,0.2811935295498634
2024-10-11,0.27745976866213107
2024-10-14,0.28960001740735286
2024-10-15,0.30773185640010026
2024-10-16,0.34067204120402894
2024-10-17,0.3244172765609731
2024-10-18,0.35822958729493015
2024-10-21,0.37968333022029893
2024-10-22,0.39300233801718165
2024-10-23,0.3906078223238692
2024-10-24,0.3665553274206757
2024-10-25,0.3730436054012379
2024-10-28,0.3655829931145567
2024-10-29,0.3511094803537193
2024-10-30,0.33470150601692356
2024-10-31,0.3291660917912282
2024-11-01,0.3080788890896766
2024-11-04,0.32651848762641167
2024-11-05,0.32706732100125885
2024-11-06,0.32626269288604076
2024-11-07,0.29570180461891793
2024-11-08,0.2952599912846576
2024-11-11,0.28206673824771694
2024-11-12,0.288467035813508
2024-11-13,0.28849360180354666
2024-11-14,0.2926016815097167
2024-11-15,0.2893621605669698
2024-11-18,0.3091991890091722
2024-11-19,0.30458741029699876
2024-11-20,0.30976868029026483
2024-11-21,0.31097045506237153
2024-11-22,0.312320863446326
2024-11-25,0.28815950680088703
2024-11-26,0.2651925614301572
2024-11-27,0.2638877173665145
2024-11-28,0.2696589163611931
2024-11-29,0.27211842834759215
2024-12-02,0.27051724176971814
2024-12-03,0.26933395875723964
2024-12-04,0.2610654859419394
2024-12-05,0.261722033949279
2024-12-06,0.2635043994304129
2024-12-09,0.27042780454269516
2024-12-10,0.26329573088042824
2024-12-11,0.2573472384528033
2024-12-12,0.26002567887721845
2024-12-13,0.2593705195393477
2024-12-16,0.2520689103388007
2024-12-17,0.23123855261101608
2024-12-18,0.24268418801416547
2024-12-19,0.24118597775922634
2024-12-20,0.2027043119179564
2024-12-23,0.22152442292965543
2024-12-24,0.159487593241558
2024-12-25,0.15601384808789284
2024-12-26,0.1510720365750945
2024-12-27,0.15133778985295704
2024-12-30,0.15043867187825827
2024-12-31,0.15001879331137194
2025-01-02,0.29097154054768776
2025-01-03,0.1357917342732273
2025-01-06,0.1481321380677657
2025-01-07,0.12197104718046461
2025-01-08,0.09137259056105211
2025-01-09,0.08890302455055263
2025-01-10,0.09230827973196973
2025-01-13,0.0994035596472098
2025-01-14,0.053771172293374414
2025-01-15,0.05346757433096145
2025-01-16,0.05812736875534836
2025-01-17,0.06614075077131763
2025-01-20,0.05605670861895092
2025-01-21,0.0590151697836316
2025-01-22,0.04693770043871298
2025-01-23,0.046442920622410754
2025-01-24,0.04410772348226845
2025-01-27,0.07054090102460196
2025-01-28,0.05305349063601512
2025-01-29,0.055333800780546054
2025-01-30,0.0698911721873971
2025-01-31,0.062324009596466654
2025-02-03,0.06521214731795391
2025-02-04,0.0665802899335891
2025-02-05,0.04833020298771704
2025-02-06,0.058486353348467385
2025-02-07,0.05687828485659555
2025-02-10,0.04890760386241049
2025-02-11,0.007321710860576551
2025-02-12,0.011749077226799591
2025-02-13,-0.01405645585830578
2025-02-14,-0.019932626169101225
2025-02-17,-0.020933394582065244
2025-02-18,-0.0062709456079313095
2025-02-19,0.0009804235501984062
2025-02-20,0.0308808058431101
2025-02-21,0.024763533837240222
2025-02-24,0.020420693936142126
2025-02-25,0.018891920448250214
2025-02-26,-0.002849276443977954
2025-02-27,-0.007671059969107528
2025-02-28,-0.011402132633371507
2025-03-03,0.03211035535427434
2025-03-04,0.040829340839873676
2025-03-05,0.04501622291769558
2025-03-06,0.05263878156957855
2025-03-07,0.06079271523867506
2025-03-10,0.05217753722982395
2025-03-11,0.0701946246262659
2025-03-12,0.08122673861860322
2025-03-13,0.075700359774286
2025-03-14,0.07164806123379464
2025-03-17,0.1213610484760076
2025-03-18,0.13013038268110586
2025-03-19,0.24855458107328599
2025-03-20,0.2562670868225207
2025-03-21,0.2718736783521103
2025-03-24,0.2918966560429983
2025-03-25,0.2932054980232855
2025-03-26,0.2895886139803678
2025-03-27,0.24349167270212357
2025-03-28,0.29220489512531433
2025-03-31,0.28125637581309587
2025-04-01,0.29678470249187766
2025-04-02,0.2937098433952532
2025-04-03,0.2915430039157301
2025-04-04,0.2850873909130037
2025-04-07,0.26463714702130586
2025-04-08,0.734486063112201
2025-04-09,0.7460954378009916
2025-04-10,0.7540791569547629
2025-04-11,0.7637253310969887
2025-04-14,0.7656535639219657
2025-04-15,0.766326628045335
2025-04-16,0.7670711842083769
2025-04-17,0.7780154252941739
2025-04-18,0.7793094401829689
2025-04-21,0.7809425727990533
2025-04-22,0.7852962827102405
2025-04-23,0.7700992943773869
2025-04-24,0.7351465155436061
2025-04-25,0.7327375559125141
2025-04-28,0.7281724191268242
2025-04-29,0.7263760585907054
2025-04-30,0.7264336604741769
2025-05-01,0.7289198784413011
2025-05-02,0.7418405578770187
2025-05-05,0.7435863966649988
2025-05-06,0.7425543143520129
2025-05-07,0.7480365227406932
2025-05-08,0.7564198045181378
2025-05-09,0.7557723525685579
2025-05-12,0.7582921876743455
2025-05-13,0.7587532243751899
2025-05-14,0.7602486570057039
2025-05-15,0.7540828293481039
2025-05-16,0.756144732866077
2025-05-19,0.7521453797181556
2025-05-20,0.7545270987406829
2025-05-21,0.7595394801957063
2025-05-22,0.7633463106339481
2025-05-23,0.7654131849565465
2025-05-26,0.7648722778983944
2025-05-27,0.7627476356878684
2025-05-28,0.7639628944624497
2025-05-29,0.7698109357987368
2025-05-30,0.7776947501243644
2025-06-02,0.774213880606021
2025-06-03,0.7752140613590929
2025-06-04,0.7975095025989614
2025-06-05,0.7982106658666727
2025-06-06,0.8020235579464612
2025-06-09,0.799365148658633
2025-06-10,0.8008796599713945
2025-06-11,0.7992873592242307
2025-06-12,0.8003524873566776
2025-06-13,0.8003491505466965
2025-06-16,0.7999599713981576
2025-06-17,0.8010903942693022
2025-06-18,0.8018821840771826
2025-06-19,0.8010608801180266
2025-06-20,0.7999735793326278
2025-06-23,0.801315045591468
2025-06-24,0.7953752261596633
2025-06-25,0.7993927080360671
2025-06-26,0.7819465744788953
2025-06-27,0.7864604336222086
2025-06-30,0.7861558847857183
2025-07-01,0.5405802428213483
2025-07-02,0.5389602950425352
2025-07-03,0.5100572886247721
2025-07-04,0.46370038797238344
2025-07-07,0.4550131511377104
2025-07-08,0.44506700792354686
2025-07-09,0.4369946522877254
2025-07-10,0.46647200742674166
2025-07-11,0.4696658613237323
2025-07-14,0.4635101063740747
2025-07-15,0.4373844117608811
2025-07-16,0.4608321440788877
2025-07-17,0.5085307354712606
2025-07-18,0.5328581725518475
2025-07-21,0.5411167074428765
2025-07-22,0.5289997023400758
2025-07-23,0.5254218125186381
2025-07-24,0.5308809331597625
2025-07-25,0.5263198962015617
2025-07-28,0.5247882211357477
2025-07-29,0.5251613191481574
2025-07-30,0.5053168797978846
2025-07-31,0.5030216808961954
2025-08-01,0.5383367359208393
2025-08-04,0.53407840956395
2025-08-05,0.5419658293825914
2025-08-06,0.5514003956914788
2025-08-07,0.5560144733290406
2025-08-08,0.5025571775158614
2025-08-11,0.5277556866639821
2025-08-12,0.5281866466588251
2025-08-13,0.5231647979986223
2025-08-14,0.5594911385282696
2025-08-15,0.5690409400760827
2025-08-18,0.601264524973621
2025-08-19,0.5891570596676136
2025-08-20,0.6007382238057566
2025-08-21,0.6053943011866014
2025-08-22,0.579349509101771
2025-08-25,0.5669254405034392
2025-08-26,0.6017634610764006
2025-08-27,0.5946541383501387
2025-08-28,0.6284579276176975
2025-08-29,0.6034396166920643
2025-09-01,0.6004965810986832
2025-09-02,0.602530283792206
2025-09-03,0.6004825881881677
2025-09-04,0.5347294790094383
2025-09-05,0.5507410834137477
2025-09-08,0.5555787792673104
2025-09-09,0.5606965549074585
2025-09-10,0.5595172067164802
2025-09-11,0.556213636973675
2025-09-12,0.5405223160270304
2025-09-15,0.5380037247748521
2025-09-16,0.5496008621618191
2025-09-17,0.5368848776886027
2025-09-18,0.5526133656306867
2025-09-19,0.557968589514426
2025-09-22,0.5520026841660894
2025-09-23,0.5507183291000818
2025-09-24,0.5540740430732921
2025-09-25,0.549151359910981
2025-09-26,0.5477437152501644
2025-09-29,0.5590336022158352
2025-09-30,0.567572764244675
2025-10-01,0.5714467115632533
2025-10-02,0.5684272525441497
2025-10-03,0.5693074394278375
2025-10-06,0.5745481542130763
2025-10-07,0.5768881974612899
2025-10-08,0.5948190323884229
2025-10-09,0.595672000627753
2025-10-10,0.5828881100383145
2025-10-13,0.5865172516622814
2025-10-14,0.5892214994079534
2025-10-15,0.5928285298274746
2025-10-16,0.5985878452598633
2025-10-17,0.5913392113840037
2025-10-20,0.544231782909381
2025-10-21,0.5456335341183758
2025-10-22,0.5554166809681775
2025-10-23,0.5605049254777605
2025-10-24,0.5410022311320116
2025-10-27,0.534041051925098
2025-10-28,0.5473701841940526
2025-10-29,0.548052263457455
2025-10-30,0.5629330925338568
2025-10-31,0.5671310590955659
2025-11-03,0.5462439064136084
2025-11-04,0.5441822806777719
2025-11-05,0.5595335614866822
2025-11-06,0.5374477392658616
2025-11-07,0.5412155453181043
2025-11-10,0.5292466462217444
2025-11-11,0.5300951292659484
2025-11-12,0.5263299453794524
2025-11-13,0.5242271742518162
2025-11-14,0.5176752279045203
2025-11-17,0.5339233979994443
2025-11-18,0.5007003301903842
2025-11-19,0.5149780591116248
2025-11-20,0.5022047173170671
2025-11-21,0.4782532554376387
2025-11-24,0.5155704773767015
2025-11-25,0.5128415044115425
2025-11-26,0.5131663279156771
2025-11-27,0.5316075765888416
2025-11-28,0.5257378231300857
2025-12-01,0.5200969138068264
2025-12-02,0.5108726313582036
2025-12-03,0.5210722664750358
2025-12-04,0.5210859255572565
2025-12-05,0.5321327459282584
2025-12-08,0.5339540636392569
2025-12-09,0.5226703034894298
2025-12-10,0.5238248731583213
2025-12-11,0.5367018129393517
2025-12-12,0.5336086934742649
2025-12-15,0.5455278712458165
2025-12-16,0.5396565195805104
2025-12-17,0.5479157751482227
2025-12-18,0.5608418698484164
2025-12-19,0.5642058375411555
2025-12-22,0.5668390980518341
2025-12-23,0.5645355111994386
2025-12-24,0.5605744499613948
2025-12-25,0.5581423010073776
2025-12-26,0.5507783364279885
2025-12-29,0.5508179334382632
2025-12-30,0.5517066928055485
2025-12-31,0.541457592981745
2026-01-02,0.5411805398902485
2026-01-05,0.5154767414519199
2026-01-06,0.5448110334137356
2026-01-07,0.5463023144963639
2026-01-08,0.5495371364489446
2026-01-09,0.5377796337910374
2026-01-12,0.5659176495174497
2026-01-13,0.6271825239953298
2026-01-14,0.6284436603209459
2026-01-15,0.6210820919051078
2026-01-16,0.612172545730728
2026-01-19,0.6131590208781103
2026-01-20,0.6185210805651341
2026-01-21,0.6039862668322286
2026-01-22,0.6054962617394506
2026-01-23,0.5873587679009102
2026-01-26,0.5990290493356116
2026-01-27,0.5867381501397236
2026-01-28,0.5881626320710723
2026-01-29,0.5343079687902661
2026-01-30,0.5337451432503412
2026-02-02,0.5523160286723758
2026-02-03,0.6472506096376366
2026-02-04,0.6839299057915388
2026-02-05,0.6868212406378926
2026-02-06,0.7003667313159752
2026-02-09,0.7039804852779159
2026-02-10,0.7011067698510598
2026-02-11,0.7012465892132377
2026-02-12,0.6884736072528814
2026-02-13,0.6802102075470039
2026-02-16,0.7038141912080572
2026-02-20,0.6897570622737337
2026-02-23,0.6897024962542344
2026-02-24,0.6906121323457098
2026-02-25,0.6900564922150022
2026-02-26,0.6936440830043235
2026-02-27,0.6908671728742284
2026-03-02,0.6919533458169894
2026-03-03,0.689103742605014
2026-03-04,0.705307636493358
2026-03-05,0.7071150446939031
2026-03-06,0.7061852219547724
2026-03-09,0.7136369882408303
2026-03-10,0.7148176416379487
2026-03-11,0.7036949736980352
2026-03-12,0.6938603231173096
2026-03-13,0.6925541936071822
2026-03-16,0.6782131679693535
2026-03-17,0.6757592317174688
2026-03-18,0.6872495316616524
2026-03-19,0.6876615578796748
2026-03-20,0.7040336115710226
2026-03-23,0.7072561451377655
2026-03-24,0.7334640751017221
2026-03-25,0.7427111635187283
2026-03-26,0.7183064060960562
2026-03-27,0.7146531891061879
2026-03-30,0.6980186154854342
2026-03-31,0.7003948256892023
2026-04-01,0.7066762431782948
2026-04-02,0.7124434600155548
2026-04-03,0.7037280317148243
2026-04-07,0.7054603996517506
2026-04-08,0.7087486327367727
2026-04-09,0.7369346724791953
2026-04-10,0.7320312752734529
2026-04-13,0.7329348077608699
2026-04-14,0.7313290251019181
2026-04-15,0.7322150542702645
2026-04-16,0.7301717009608559
2026-04-17,0.7362063381244932
2026-04-20,0.7326287726483222
2026-04-21,0.7294301493621935
2026-04-22,0.7265193711728758
2026-04-23,0.7266351546481904
2026-04-24,0.7263154165199366
2026-04-27,0.7418549056529867
2026-04-28,0.7445643948119631
2026-04-29,0.7549116021580401
2026-04-30,0.7573923260210935
2026-05-04,0.7632167709896932
2026-05-05,0.7348164610550619
2026-05-06,0.7135130411916552
2026-05-07,0.7331431839294619
2026-05-08,0.7242271628707749
2026-05-11,0.7248025617580003
2026-05-12,0.7204703178089625
2026-05-13,0.7282747078169444
2026-05-14,0.7357337035526406
2026-05-15,0.7321636691358119
2026-05-18,0.7472078579539269
2026-05-19,0.7276816575891013
2026-05-20,0.722009115333534
2026-05-21,0.7210920670148171
2026-05-22,0.6486596384138041
2026-05-25,0.6559020090537979
2026-05-26,0.6490368607045304
2026-05-27,0.6512987943706446
2026-05-28,0.6424217837309893
2026-05-29,0.6223413170493828
2026-06-01,0.5870963517494652
2026-06-02,0.546682262422886
2026-06-03,0.5411274051473369
2026-06-04,0.5289366748669219
2026-06-05,0.5309839831138743
2026-06-08,0.538860921518502
2026-06-09,0.5708436503269001
2026-06-10,0.5961693280596665
2026-06-11,0.6007192065361786
2026-06-12,0.5916971966506749
2026-06-15,0.5909158156631811
2026-06-16,0.6146280144654193
2026-06-17,0.6043334641901186
2026-06-18,0.5675609018302566
2026-06-22,0.5600203581981918
2026-06-23,0.5903655312126547
2026-06-24,0.6078816570725378
2026-06-25,0.6246160383603068
2026-06-26,0.6297169292096829
2026-06-29,0.6336910267875439
2026-06-30,0.6182981234187822
2026-07-01,0.6089355635327491
2026-07-02,0.6081948239865885
2026-07-03,0.6258151337047412
2026-07-06,0.594962523250195
2026-07-07,0.5862184578715512
2026-07-08,0.5941637102489292
2026-07-09,0.6016035277159909
2026-07-10,0.5806566437363734
2026-07-13,0.5799648381465389
2026-07-14,0.593407969792576
2026-07-15,0.5893461714348239
2026-07-16,0.5857286433247058
2026-07-17,0.5957539973723603
2026-07-18,0.5869810883030553
