datetime,159985.SZ,510170.SH,511010.SH,511220.SH,511380.SH,513030.SH,513100.SH,513500.SH,513880.SH,518880.SH
2017-01-03,0.0,0.0,0.199999717619377,0.1999997512270608,0.0,0.2000006201786504,0.2000000158258655,0.0,0.0,0.1999997946914215
2017-01-18,0.0,0.0,0.1999998198813446,0.199999809200683,0.0,0.1999998540593886,0.1999998735145402,0.0,0.0,0.1999997938305271
2017-02-09,0.0,0.0,0.200000198536981,0.1999983766759103,0.0,0.0,0.2000001240497032,0.200000327301085,0.0,0.2000002520599008
2017-02-24,0.0,0.1999998993674421,0.1999998986963465,0.0,0.0,0.0,0.1999998939032406,0.1999998982816445,0.0,0.2000005642393398
2017-03-13,0.0,0.2000011340679791,0.1999998286505446,0.1999998283754417,0.0,0.1999998257440918,0.1999998324575419,0.0,0.0,0.0
2017-03-28,0.0,0.1999914360850997,0.2000004464450922,0.2000000894402707,0.0,0.1999996824635629,0.0,0.0,0.0,0.2000014718143769
2017-04-14,0.0,0.199999763389176,0.2000000207036452,0.2000000200434957,0.0,0.2000000331878372,0.0,0.0,0.0,0.20000000921259
2017-05-02,0.0,0.0,0.2000045548047237,0.2000010245853336,0.0,0.2000014233951463,0.1999959878589765,0.0,0.0,0.1999991387796008
2017-05-17,0.0,0.0,0.1999996070570616,0.2000010130215551,0.0,0.2000002694312328,0.2000002053829858,0.1999997944877479,0.0,0.0
2017-06-05,0.0,0.0,0.2000001992957964,0.1999999780466996,0.0,0.2000000624157908,0.2000002990174329,0.0,0.0,0.1999997759698129
2017-06-20,0.0,0.2000015149354633,0.2000008606067767,0.2000006231343829,0.0,0.0,0.0,0.2000014305577624,0.0,0.1999911873742972
2017-07-05,0.0,0.1999999906164615,0.1999999916225428,0.1999999930882314,0.0,0.0,0.0,0.1999999889090797,0.0,0.2000000628355905
2017-07-20,0.0,0.2000007896000372,0.2000005888741551,0.2000005895478015,0.0,0.1999955641240305,0.0,0.200000832751401,0.0,0.0
2017-08-04,0.0,0.0,0.2000000082768313,0.2000000125222239,0.0,0.0,0.1999999164438869,0.200000012126633,0.0,0.2000000142137896
2017-08-21,0.0,0.2000002814514925,0.2000001684050983,0.2000001946469199,0.0,0.0,0.0,0.1999985946616323,0.0,0.2000001841359087
2017-09-05,0.0,0.2000011959517601,0.1999997900109561,0.1999997701576609,0.0,0.0,0.2000007846509388,0.0,0.0,0.2000002080903069
2017-09-20,0.0,0.0,0.2000002572870487,0.2000001804839229,0.0,0.2000004514955284,0.1999944926942437,0.2000006288708959,0.0,0.0
2017-10-12,0.0,0.0,0.2000000318379896,0.1999999901473982,0.0,0.1999998735527028,0.2000000880805335,0.1999998282100903,0.0,0.0
2017-10-27,0.0,0.0,0.1999998122853684,0.1999998806361772,0.0,0.1999998722506984,0.199999866291759,0.2000000511191753,0.0,0.0
2017-11-13,0.0,0.0,0.2000000593534406,0.1999998263429698,0.0,0.2000000624130881,0.2000000687631284,0.2000000600292844,0.0,0.0
2017-11-28,0.0,0.0,0.1999999175591308,0.1999998326535233,0.0,0.0,0.2000002275367241,0.1999998424743773,0.0,0.1999999958533175
2017-12-13,0.0,0.0,0.1999995714367185,0.1999998262974728,0.0,0.1999989097343742,0.2000042532465396,0.1999993562640942,0.0,0.0
2017-12-28,0.0,0.0,0.2000004429290018,0.2000004525785967,0.0,0.2000004093528975,0.199998295810005,0.2000004377152061,0.0,0.0
2018-01-15,0.0,0.2000013502771649,0.1999998210205311,0.1999997789086274,0.0,0.0,0.0,0.1999999806938904,0.0,0.1999999063543499
2018-01-30,0.0,0.0,0.1999997402788641,0.1999997702972411,0.0,0.0,0.1999997092806061,0.1999996641575631,0.0,0.2000046400899667
2018-02-14,0.0,0.0,0.2000001539592259,0.2000001532089572,0.0,0.0,0.1999961878503859,0.2000036514101945,0.0,0.2000001357117062
2018-03-08,0.0,0.0,0.2000000074901549,0.2000000076067747,0.0,0.0,0.2000000043770249,0.1999999465733968,0.0,0.2000000097014414
2018-03-23,0.0,0.0,0.2000005221446492,0.200000439684444,0.0,0.0,0.2000007092169394,0.1999957371798888,0.0,0.2000008395952029
2018-04-11,0.0,0.2000007088513789,0.199999965039834,0.1999999761837071,0.0,0.1999998909197039,0.0,0.0,0.0,0.1999999328292981
2018-04-26,0.0,0.0,0.20000003666868,0.2000000302097532,0.0,0.1999999956749362,0.0,0.19999996881969,0.0,0.1999999799894477
2018-05-15,0.0,0.0,0.2000000600952066,0.1999999694115848,0.0,0.0,0.1999999395090103,0.2000000264769499,0.0,0.2000000741719193
2018-05-30,0.0,0.0,0.2000008076481841,0.2000013983478823,0.0,0.0,0.2000002107172495,0.2000005479960066,0.0,0.1999926692628172
2018-06-14,0.0,0.0,0.200000815931299,0.1999997014426136,0.0,0.0,0.2000034530794531,0.2000004815629164,0.0,0.1999975021125505
2018-07-02,0.0,0.0,0.2000000850428051,0.2000011153310592,0.0,0.0,0.1999998099078808,0.2000000618385835,0.0,0.1999997703379667
2018-07-17,0.0,0.0,0.2000001741576548,0.1999996878023997,0.0,0.0,0.2000000190881849,0.2000002075058182,0.0,0.1999999068535513
2018-08-01,0.0,0.0,0.1999998156422805,0.199999785792167,0.0,0.199999811889935,0.0,0.2000029164035112,0.0,0.1999996650435068
2018-08-16,0.0,0.0,0.2000000160457766,0.2000000453412985,0.0,0.0,0.1999999683339215,0.2000000024001142,0.0,0.1999999572511802
2018-08-31,0.0,0.0,0.2000000249952842,0.2000000586121751,0.0,0.0,0.1999999610298833,0.2000000162238663,0.0,0.1999999483167694
2018-09-17,0.0,0.0,0.2000001039833025,0.2000003171288232,0.0,0.0,0.1999996875988426,0.2000003320966454,0.0,0.2000003659604267
2018-10-10,0.0,0.0,0.2000000055685756,0.2000000037708459,0.0,0.0,0.1999999429500636,0.2000000081302437,0.0,0.2000000076609067
2018-10-25,0.0,0.0,0.2000000367840514,0.2000000478098988,0.0,0.0,0.1999994516007185,0.2000002726272374,0.0,0.1999999957555224
2018-11-09,0.0,0.0,0.200000022317632,0.2000000140967987,0.0,0.2000007528831245,0.0,0.1999982121732769,0.0,0.2000000367837808
2018-11-26,0.0,0.2000003477699501,0.2000004915722735,0.2000006968413731,0.0,0.1999984082599458,0.0,0.0,0.0,0.2000000320844014
2018-12-11,0.0,0.2000000269782826,0.2000000151990575,0.2000000133582562,0.0,0.1999998410772623,0.0,0.0,0.0,0.200000014696746
2018-12-26,0.0,0.1999981159603601,0.1999989043140718,0.1999988121759634,0.0,0.2000128559637264,0.0,0.0,0.0,0.1999991696934677
2019-01-14,0.0,0.2000000563965522,0.1999999925166375,0.199999992985427,0.0,0.1999999888614014,0.0,0.0,0.0,0.1999999923394778
2019-01-29,0.0,0.0,0.2000001593038849,0.1999998650702057,0.0,0.1999996817528296,0.2000004959766323,0.2000006226309765,0.0,0.0
2019-02-20,0.0,0.0,0.199999860089795,0.1999997900047611,0.0,0.0,0.2000012843095723,0.1999997904932475,0.0,0.1999998453369281
2019-03-07,0.0,0.1999994747765276,0.200000534008618,0.2000003513740893,0.0,0.0,0.1999999985894666,0.2000001394233031,0.0,0.0
2019-03-22,0.0,0.0,0.1999998568918647,0.1999999916430134,0.0,0.200000734045397,0.2000005075880336,0.1999974206212946,0.0,0.0
2019-04-09,0.0,0.0,0.1999999992602935,0.1999999031523644,0.0,0.199999652334653,0.2000001703403472,0.2000001017929948,0.0,0.0
2019-04-24,0.0,0.0,0.1999997673417465,0.2000003629762603,0.0,0.2000003536704824,0.1999995777066099,0.1999997237125614,0.0,0.0
2019-05-14,0.0,0.0,0.1999999938488421,0.200000043071157,0.0,0.1999999011009878,0.0,0.1999998938127194,0.0,0.1999998997460068
2019-05-29,0.0,0.0,0.2000002293345212,0.2000002193217711,0.0,0.199999862924495,0.0,0.1999997602595773,0.0,0.2000004630462593
2019-06-14,0.0,0.2000001783344588,0.2000001793960596,0.200000177647002,0.0,0.1999990259912086,0.0,0.0,0.0,0.2000001481652975
2019-07-01,0.0,0.0,0.2000004714577694,0.2000005010321989,0.0,0.2000118713109877,0.0,0.1999989471319978,0.0,0.2000006279840731
2019-07-16,0.0,0.0,0.1999998311431655,0.1999998284929159,0.0,0.2000011179148936,0.1999998376632861,0.1999998390059149,0.0,0.0
2019-07-31,0.0,0.0,0.1999990507513478,0.1999987728533148,0.0,0.0,0.1999996736446224,0.200000394051837,0.0,0.1999999970896541
2019-08-15,0.0,0.0,0.2000000043918101,0.2000000045467467,0.0,0.0,0.0,0.1999999278073449,0.2000000087104749,0.2000000045761291
2019-08-30,0.0,0.0,0.2000000001677948,0.2000000001797291,0.0,0.0,0.0,0.1999998850012054,0.2000000095064075,0.1999999998704879
2019-09-17,0.0,0.2000000779875943,0.1999997086157914,0.1999999382836102,0.0,0.2000000919979071,0.0,0.0,0.2000004763945835,0.0
2019-10-09,0.0,0.0,0.1999999868837392,0.1999999817221755,0.0,0.0,0.2000000667761827,0.1999999975137998,0.1999999829019347,0.0
2019-10-24,0.0,0.0,0.2000000355519197,0.2000001220956786,0.0,0.1999998257291025,0.0,0.2000001512902964,0.2000000658558852,0.0
2019-11-08,0.0,0.0,0.2000000062720816,0.0,0.0,0.1999999958787447,0.1999999917365116,0.1999999824022837,0.19999998479464,0.0
2019-11-25,0.0,0.0,0.2000000252147386,0.0,0.0,0.1999999831351116,0.2000000523681737,0.19999998778588,0.199999999826878,0.0
2019-12-10,0.0,0.0,0.1999998480282166,0.0,0.0,0.0,0.1999997906122825,0.1999997593178823,0.1999997784465515,0.2000017031608508
2019-12-25,0.0,0.2000000902312201,0.2000001324724185,0.2000000967799087,0.0,0.0,0.2000000238415807,0.0,0.2000001256262796,0.0
2020-01-10,0.2000000384224377,0.1999999936112859,0.1999999935975711,0.1999999937312168,0.0,0.0,0.1999999936203642,0.0,0.0,0.0
2020-02-04,0.0,0.0,0.2000003340124711,0.200000273246661,0.0,0.0,0.1999999666403867,0.1999999500109429,0.0,0.2000001072379542
2020-02-19,0.0,0.0,0.1999961251208602,0.1999936226237141,0.0,0.0,0.1999990085479988,0.0,0.2000014391780843,0.1999967993074065
2020-03-05,0.1999993059996324,0.2000000904017588,0.1999999461711832,0.2000025924353334,0.0,0.0,0.0,0.0,0.0,0.1999988611952785
2020-03-20,0.2000000925014536,0.1999977311293755,0.2000000770811404,0.2000000768560392,0.0,0.0,0.0,0.0,0.0,0.2000002275880827
2020-04-07,0.1999999842197725,0.1999998825863863,0.1999999846246764,0.1999999844811001,0.0,0.0,0.0,0.0,0.0,0.1999999834985529
2020-04-22,0.0,0.0,0.1999999831205341,0.199999989432625,0.0,0.2000000107999101,0.0,0.0,0.2000000025622187,0.1999999900242176
2020-05-12,0.0,0.0,0.2000023647104275,0.1999934594313775,0.2000027631610799,0.0,0.1999950868259535,0.0,0.0,0.2000041015051603
2020-05-27,0.2000032223838439,0.0,0.1999997009619774,0.1999998397568115,0.0,0.0,0.0,0.0,0.1999998354717054,0.1999997803292848
2020-06-11,0.2000058670185876,0.0,0.0,0.1999907183980163,0.0,0.1999941207120952,0.0,0.2000024118559706,0.2000057617612686,0.0
2020-06-30,0.2000018353857006,0.2000020929499314,0.0,0.2000019424798165,0.2000019390022709,0.0,0.0,0.0,0.0,0.2000018255861106
2020-07-15,0.2000000364684894,0.2000000269879803,0.2000000395425812,0.0,0.2000000312839572,0.0,0.0,0.0,0.0,0.2000000322638308
2020-07-30,0.0,0.0,0.1999998746166796,0.2000000057817906,0.0,0.0,0.0,0.2000000002799181,0.1999999838963492,0.2000000871011246
2020-08-14,0.0,0.0,0.1999997702946159,0.1999997341198268,0.0,0.1999997700376481,0.0,0.1999997419350704,0.0,0.0
2020-08-31,0.0,0.0,0.2000000262110144,0.200000025039689,0.0,0.200000026198119,0.2000001258083064,0.2000000252374992,0.0,0.0
2020-09-15,0.1999947759540202,0.0,0.1999977649921355,0.1999971451288934,0.0,0.0,0.0,0.0,0.1999990612478919,0.0
2020-09-30,0.2000000274848066,0.0,0.2000000270927705,0.2000000351948658,0.1999999770300614,0.0,0.0,0.0,0.2000000268972996,0.0
2020-10-23,0.2000001952531166,0.0,0.1999997566852776,0.2000010666078432,0.1999998457958163,0.0,0.0,0.0,0.1999998395565375,0.0
2020-11-09,0.1999999745257127,0.1999999676211461,0.1999999744161337,0.1999999737995227,0.0,0.0,0.0,0.0,0.1999999747233664,0.0
2020-11-24,0.1999997718584195,0.1999997275329797,0.1999997588462885,0.0,0.1999997662355398,0.0,0.0,0.0,0.1999997569126308,0.0
2020-12-09,0.0,0.0,0.1999997055220636,0.0,0.0,0.1999997101792384,0.0,0.1999996948705208,0.1999997015575676,0.0
2020-12-24,0.0,0.0,0.1999997375552434,0.1999997346586062,0.0,0.1999997554846418,0.0,0.1999997461667979,0.1999997540652076,0.0
2021-01-11,0.1999998649059933,0.0,0.2000000433843183,0.2000000725658858,0.2000000378183666,0.0,0.0,0.0,0.0,0.2000000361959288
2021-01-26,0.0,0.0,0.1999999467363841,0.1999999428398266,0.1999999627194946,0.0,0.0,0.1999999298271291,0.1999999646361043,0.0
2021-02-10,0.0,0.0,0.2000005175240734,0.2000005427688082,0.0,0.0,0.2000002601046682,0.2000002733391764,0.2000000036159956,0.0
2021-03-04,0.0,0.0,0.2000000250427406,0.2000000250491675,0.0,0.2000000000618092,0.0,0.19999999785215,0.0,0.0
2021-03-19,0.0,0.0,0.1999999419263375,0.1999999418708048,0.0,0.1999999426176508,0.0,0.2000003610400264,0.0,0.0
2021-04-06,0.0,0.0,0.1999995538842362,0.1999995375260201,0.0,0.1999995497721826,0.1999995949850391,0.1999994391445089,0.0,0.0
2021-04-21,0.0,0.0,0.1999999233927774,0.1999999211276318,0.0,0.1999999360808551,0.1999999082870314,0.199999908726916,0.0,0.0
2021-05-11,0.0,0.2000000085761872,0.2000000099943199,0.20000001009955,0.2000000093259476,0.0,0.0,0.0,0.0,0.2000000083705827
2021-05-26,0.0,0.0,0.200000388965662,0.2000003978331743,0.2000003962275565,0.0,0.0,0.0,0.0,0.2000004191143434
2021-06-10,0.0,0.0,0.0,0.1999997287716135,0.1999997016188529,0.1999997256141198,0.1999997272943302,0.0,0.0,0.0
2021-06-28,0.0,0.0,0.2000010028496625,0.2000010549931267,0.2000008793236562,0.0,0.2000011976426925,0.2000009824495712,0.0,0.0
2021-07-13,0.0,0.0,0.1999964260519161,0.1999963667080726,0.1999984887704171,0.0,0.2000052098922667,0.1999969166126316,0.0,0.0
2021-07-28,0.0,0.2000008019055349,0.2000008836038201,0.2000008516989767,0.0,0.0,0.2000007361733304,0.2000007197862338,0.0,0.0
2021-08-12,0.0,0.0,0.1999982725293095,0.1999982041361264,0.2000026839152437,0.0,0.0,0.1999984438385269,0.0,0.0
2021-08-27,0.0,0.0,0.2000004589400078,0.2000016135556341,0.1999997445881643,0.1999994329579348,0.0,0.1999994363088425,0.0,0.0
2021-09-13,0.0,0.0,0.199999614835314,0.1999981477298504,0.1999993479721142,0.0,0.0,0.2000002101357861,0.0,0.2000001543094172
2021-09-30,0.2000002665642533,0.0,0.2000002082348454,0.2000002156988747,0.1999984191937993,0.0,0.0,0.0,0.2000001588809482,0.0
2021-10-22,0.0,0.0,0.1999999721427614,0.1999999708986003,0.0,0.0,0.0,0.1999999766733092,0.0,0.1999999786806941
2021-11-08,0.0,0.0,0.0,0.2000000178949758,0.0,0.0,0.2000000180889627,0.2000000179946657,0.0,0.1999998316175492
2021-11-23,0.0,0.0,0.2000023914666447,0.0,0.2000000327195801,0.0,0.2000002709582014,0.2000000104019378,0.1999999064228653,0.0
2021-12-08,0.2000003631231706,0.1999999346931342,0.2000002086163333,0.2000002813184589,0.2000000067358726,0.0,0.0,0.0,0.0,0.0
2021-12-23,0.199999996445264,0.0,0.2000007874857875,0.199999774447035,0.1999995617192715,0.0,0.0,0.0,0.0,0.1999997017311886
2022-01-10,0.1999999634532892,0.0,0.1999999569027452,0.1999999655770948,0.1999999736206945,0.0,0.0,0.0,0.0,0.1999999980588628
2022-01-25,0.1999998631620715,0.0,0.2000003295226568,0.2000004035077138,0.2000001716427275,0.0,0.0,0.0,0.0,0.2000001630569363
2022-02-16,0.2000015363416442,0.0,0.2000004013924854,0.2000002820397103,0.199999402954886,0.0,0.0,0.0,0.0,0.2000002004208394
2022-03-03,0.1999992170915724,0.1999992882398621,0.1999992839363245,0.1999992736668293,0.0,0.0,0.0,0.0,0.0,0.199999297130779
2022-03-18,0.2000116129006486,0.0,0.1999986636616211,0.1999988519025577,0.0,0.0,0.0,0.1999972684717324,0.0,0.1999979832053578
2022-04-06,0.0,0.0,0.2000000462593672,0.2000000454086872,0.0,0.0,0.2000000447569783,0.2000000448926732,0.0,0.2000000438340021
2022-04-21,0.0,0.1999995072205175,0.1999994807407729,0.199999482966078,0.0,0.0,0.0,0.1999994993418768,0.0,0.1999994870203484
2022-05-11,0.1999998185822932,0.0,0.2000000763580742,0.2000001139510427,0.1999997488987627,0.0,0.0,0.0,0.0,0.2000000661991811
2022-05-26,0.0,0.0,0.2000000596604737,0.2000000558303031,0.2000000527197821,0.0,0.0,0.0,0.1999999996537018,0.1999999951988324
2022-06-13,0.1999999601086398,0.2000003079679706,0.2000001623273371,0.2000001630513657,0.2000000664124629,0.0,0.0,0.0,0.0,0.0
2022-06-28,0.0,0.2000036763074385,0.2000139214720204,0.1999975449398022,0.1999884080471147,0.0,0.0,0.0,0.0,0.2000003389602381
2022-07-13,0.0,0.0,0.2000000130109535,0.2000000089062046,0.2000000216250475,0.0,0.1999999980766765,0.1999999956884338,0.0,0.0
2022-07-28,0.0,0.0,0.2000000903593452,0.2000000940736419,0.2000000866945346,0.0,0.2000000752886148,0.0,0.200000077303439,0.0
2022-08-12,0.0,0.0,0.199999773012898,0.1999997691368837,0.0,0.0,0.1999997790935308,0.1999997562769386,0.0,0.0
2022-08-29,0.1999998452599348,0.0,0.1999994548020314,0.1999994555082756,0.0,0.0,0.0,0.1999994649673837,0.0,0.1999995254218336
2022-09-14,0.2000001019204306,0.0,0.2000000749937542,0.2000000742720975,0.1999995717831285,0.0,0.0,0.0,0.0,0.2000000736633038
2022-09-29,0.2000112818743301,0.0,0.1999951044691219,0.1999955011670225,0.1999972329930698,0.0,0.0,0.0,0.0,0.1999957530151918
2022-10-21,0.2000000022044617,0.0,0.2000000291680697,0.2000000187319225,0.1999999931695803,0.0,0.0,0.0,0.0,0.2000000377547931
2022-11-07,0.0,0.0,0.1999999355425718,0.1999999653001283,0.0,0.199999900961956,0.0,0.0,0.0,0.1999999945746474
2022-11-22,0.0,0.0,0.0,0.199999995172855,0.0,0.2000000028245941,0.0,0.0,0.2000000192536322,0.2000000023772446
2022-12-07,0.0,0.0,0.1999998461633399,0.1999998298012629,0.0,0.1999998568823226,0.0,0.0,0.0,0.199999870652463
2022-12-22,0.2000007927862082,0.0,0.1999973225348095,0.1999975866050878,0.2000179222265571,0.0,0.0,0.0,0.0,0.1999975684884944
2023-01-09,0.1999992369230129,0.0,0.2000017674026502,0.1999989966281347,0.0,0.0,0.0,0.0,0.0,0.2000019467903265
2023-01-31,0.0,0.200000016011522,0.2000000154970458,0.0,0.2000000206995801,0.0,0.0,0.0,0.0,0.2000000159340755
2023-02-15,0.0,0.0,0.1999999512409891,0.0,0.1999999684951312,0.0,0.0,0.1999999739706028,0.1999999711044149,0.0
2023-03-02,0.0,0.0,0.1999989211525467,0.1999989479372591,0.0,0.1999986208488857,0.0,0.2000117120783991,0.0,0.0
2023-03-17,0.0,0.0,0.2000064423779793,0.2000064542846474,0.2000038943833046,0.0,0.0,0.0,0.2000019140405603,0.1999858249238463
2023-04-03,0.0,0.0,0.1999976122233871,0.1999975544164813,0.1999978617489324,0.0,0.1999975333104708,0.0,0.0,0.1999975335090696
2023-04-19,0.0,0.0,0.2000029573428559,0.2000030591504522,0.200002895756329,0.1999814645790391,0.0,0.0,0.0,0.0
2023-05-09,0.0,0.0,0.2000002513299853,0.200000463583322,0.0,0.2000005030016705,0.0,0.0,0.0,0.2000001715482982
2023-05-24,0.0,0.0,0.2000003748442141,0.2000003256260091,0.0,0.0,0.2000006030272436,0.2000002877359687,0.2000004093969684,0.0
2023-06-08,0.0,0.0,0.1999999536226139,0.1999999551382796,0.0,0.0,0.1999999424617732,0.199999952555469,0.1999999571311409,0.0
2023-06-27,0.199999175469826,0.0,0.1999991227862517,0.1999990949752761,0.0,0.0,0.199999084219233,0.1999990323885665,0.0,0.0
2023-07-12,0.1999999421344336,0.0,0.1999999440645211,0.1999999430797585,0.1999999473324177,0.0,0.0,0.0,0.0,0.2000001659922074
2023-07-27,0.2000001607863611,0.0,0.200000165917476,0.2000001650037226,0.2000001668000615,0.0,0.0,0.0,0.0,0.2000001733298964
2023-08-11,0.2000000175678409,0.1999999396842608,0.2000000113758685,0.2000000124385165,0.2000000116623085,0.0,0.0,0.0,0.0,0.0
2023-08-28,0.1999999089611527,0.0,0.199999799727105,0.2000001998389445,0.2000000401284337,0.0,0.0,0.0,0.0,0.2000000488179415
2023-09-12,0.1999998991786802,0.0,0.1999998929639613,0.1999998598437478,0.1999999274793567,0.0,0.0,0.0,0.0,0.2000003358584691
2023-09-27,0.0,0.1999999858102424,0.1999999747957006,0.200000390534939,0.1999999430102569,0.0,0.0,0.0,0.0,0.199999830746222
2023-10-20,0.0,0.0,0.1999998526189019,0.1999995749081972,0.199999816428287,0.0,0.0,0.2000025444496106,0.0,0.1999998043022098
2023-11-06,0.1999990684047497,0.0,0.1999993622422253,0.1999993664407317,0.0,0.0,0.0,0.2000024891932284,0.0,0.1999992438540787
2023-11-21,0.0,0.0,0.1999975200933172,0.1999973980307077,0.2000007653262254,0.1999990644368466,0.0,0.0,0.0,0.0
2023-12-06,0.0,0.0,0.1999998541729334,0.1999998763960656,0.0,0.1999999144736278,0.0,0.1999998578259595,0.0,0.0
2023-12-21,0.0,0.0,0.19999997302753,0.1999999728094287,0.0,0.1999999723192134,0.0,0.1999999713580055,0.0,0.0
2024-01-08,0.0,0.0,0.2000002829021898,0.2000002832563653,0.0,0.0,0.0,0.2000002445134162,0.1999980132249501,0.2000002446475793
2024-01-23,0.0,0.0,0.1999999801364384,0.1999999800091647,0.0,0.0,0.1999999811578015,0.1999999804403759,0.199999980631352,0.0
2024-02-07,0.0,0.0,0.199999995674476,0.1999999952251018,0.0,0.0,0.1999999948540579,0.1999999919838727,0.0,0.2000000014296067
2024-03-01,0.0,0.0,0.1999989280387361,0.1999991798018194,0.2000016229749883,0.0,0.0,0.1999989175346188,0.0,0.1999997036536937
2024-03-18,0.2000009563243539,0.0,0.1999967815076439,0.2000008351454019,0.0,0.0,0.0,0.0,0.0,0.2000008855932318
2024-04-02,0.0,0.0,0.2000002355688671,0.2000002356333342,0.0,0.2000002358036664,0.0,0.2000002350946583,0.0,0.2000002509167614
2024-04-19,0.0,0.2000004882224214,0.2000004845289987,0.2000004861540272,0.2000007302134938,0.0,0.0,0.0,0.0,0.1999956641808613
2024-05-09,0.2000000248786817,0.0,0.2000000126195967,0.2000000145539217,0.2000000152118754,0.0,0.0,0.0,0.0,0.1999999852806583
2024-05-24,0.2000000515599901,0.0,0.0,0.0,0.2000000485334249,0.2000000438481606,0.2000000320464139,0.2000000388891953,0.0,0.0
2024-06-11,0.0,0.0,0.2000001946052769,0.2000001663512667,0.1999999221119809,0.0,0.2000002096701518,0.2000001569735392,0.0,0.0
2024-06-26,0.0,0.0,0.1999991556400753,0.1999991587886615,0.0,0.0,0.1999991731432508,0.1999991360462424,0.199999274234354,0.0
2024-07-11,0.0,0.0,0.2000010096031637,0.2000010372269083,0.0,0.0,0.2000010609172777,0.2000010305005309,0.2000008842174366,0.0
2024-07-26,0.0,0.0,0.1999953199523566,0.200005947847733,0.1999936412460133,0.2000002082620735,0.0,0.0,0.0,0.2000000539826277
2024-08-12,0.2000000181065889,0.0,0.199999947995329,0.1999999879472473,0.2000000185812268,0.0,0.0,0.0,0.0,0.2000000182479126
2024-08-27,0.0,0.1999999849857572,0.2000000171509001,0.2000000279421426,0.0,0.1999999846577622,0.0,0.0,0.0,0.2000000259414022
2024-09-11,0.0,0.0,0.2000019749558286,0.2000013670582728,0.0,0.2000008408062882,0.0,0.0,0.0,0.2000011245554047
2024-09-30,0.1999996907554837,0.0,0.1999997408893252,0.1999995732544436,0.1999990798891316,0.0,0.0,0.0,0.0,0.1999998760498134
2024-10-22,0.0,0.0,0.1999994522359598,0.199999537493159,0.0,0.0,0.2000040687428297,0.0,0.1999995726924583,0.1999994669345203
2024-11-06,0.0,0.0,0.1999990497829764,0.1999998383044896,0.0,0.0,0.2000002917471354,0.2000005780408262,0.0,0.1999974513182489
2024-11-21,0.0,0.0,0.1999999861645084,0.1999999882625655,0.1999999999132187,0.0,0.1999999961397321,0.1999999908840362,0.0,0.0
2024-12-06,0.0,0.0,0.1999999818234982,0.1999999815497095,0.0,0.1999999156807666,0.1999999827600882,0.1999999733885474,0.0,0.0
2024-12-23,0.0,0.0,0.2000002919059067,0.2000002276394495,0.2000001290939716,0.1999998886892115,0.2000000239789838,0.0,0.0,0.0
2025-01-08,0.0,0.0,0.1999995349347025,0.1999995383133555,0.0,0.0,0.1999995152459021,0.0,0.2000048096467107,0.1999995146409073
2025-01-23,0.0,0.0,0.2000000080196127,0.2000000080159891,0.2000000076781275,0.0,0.0,0.0,0.0,0.2000000079214373
2025-02-17,0.2000003767219348,0.0,0.2000003585949693,0.2000003600906952,0.2000003778485432,0.0,0.0,0.0,0.0,0.2000004021068031
2025-03-04,0.2000004078937604,0.0,0.2000003980522388,0.2000004003434342,0.2000003976094839,0.0,0.0,0.0,0.0,0.2000004036971796
2025-03-19,0.0,0.1999998438674659,0.1999998445097969,0.1999998422037415,0.1999998456554054,0.0,0.0,0.0,0.0,0.1999998444773001
2025-04-03,0.0,0.200000107764946,0.2000001839735077,0.2000002004397864,0.2000001148334629,0.0,0.0,0.0,0.0,0.1999996120732594
2025-04-21,0.2000000368474801,0.0,0.2000000589280028,0.200000057153289,0.2000000269308023,0.0,0.0,0.0,0.0,0.1999998824211761
2025-05-09,0.0,0.0,0.2000034008337562,0.199995319174208,0.2000005217669538,0.2000004119251562,0.0,0.0,0.0,0.2000007464544399
2025-05-26,0.0,0.0,0.0,0.1999975731459256,0.0,0.0,0.2000007212091315,0.2000005201473933,0.2000003451384905,0.0
2025-06-11,0.1999993676442348,0.0,0.1999994678383746,0.1999993935350158,0.0,0.0,0.199999282979082,0.1999993619059844,0.0,0.0
2025-06-26,0.0,0.0,0.1999992344741917,0.199999232472906,0.1999991230601305,0.0,0.1999993439100564,0.1999992201327203,0.0,0.0
2025-07-11,0.0,0.0,0.1999993858843833,0.199999377085776,0.1999993262495448,0.0,0.1999993833605001,0.1999993643444804,0.0,0.0
2025-07-28,0.0,0.1999999823664413,0.1999999883432005,0.1999999876107009,0.1999999862284331,0.0,0.0,0.199999987333589,0.0,0.0
2025-08-12,0.0,0.1999986249845365,0.199998774989023,0.199998788427655,0.1999987845108782,0.0,0.0,0.1999986473684497,0.0,0.0
2025-08-27,0.1999998684823717,0.0,0.1999992901040178,0.1999993955962291,0.1999978175122276,0.0,0.0,0.0,0.0,0.1999997328454608
2025-09-11,0.2000000437757588,0.0,0.2000001345237189,0.2000001302090464,0.0,0.0,0.0,0.2000000600986179,0.0,0.1999997848758996
2025-09-26,0.0,0.0,0.1999976777937545,0.1999978793077496,0.0,0.0,0.2000130471847996,0.1999979327781601,0.0,0.199997432029427
2025-10-21,0.0,0.0,0.1999999239475756,0.200000102142408,0.0,0.0,0.0,0.0,0.1999999984046613,0.2000000563669695
2025-11-05,0.1999999376982804,0.0,0.1999998948836469,0.1999998937882308,0.0,0.0,0.1999999373235051,0.0,0.1999999178242633,0.0
2025-11-20,0.1999997645278609,0.1999998030217845,0.199999774094771,0.1999997704112834,0.1999997609549569,0.0,0.0,0.0,0.0,0.0
2025-12-05,0.0,0.0,0.1999997332084905,0.1999997375070646,0.0,0.0,0.0,0.1999997744729151,0.0,0.1999997471453359
2025-12-22,0.0,0.0,0.2000000324501119,0.2000000146866177,0.0,0.1999999603634228,0.0,0.1999999614050359,0.0,0.1999999899569615
2026-01-08,0.2000000138520998,0.2000000137192109,0.2000000134972378,0.200000013384938,0.2000000131388824,0.0,0.0,0.0,0.0,0.0
2026-01-23,0.1999998273804788,0.1999996656174639,0.1999998357352633,0.1999998380377885,0.1999998365620114,0.0,0.0,0.0,0.0,0.0
2026-02-09,0.2000000281161054,0.0,0.1999999895906825,0.1999999809005942,0.2000000067093758,0.0,0.0,0.0,0.2000000245466261,0.0
2026-03-04,0.1999947668495683,0.0,0.1999950243695578,0.1999949354725678,0.0,0.0,0.0,0.0,0.2000004250922983,0.0
2026-03-19,0.1999961065695867,0.0,0.2000019326336185,0.2000019925559205,0.0,0.0,0.2000007116778859,0.200000691682846,0.0,0.0
2026-04-03,0.1999999929724253,0.0,0.2000003420198068,0.1999996818550514,0.1999999710862586,0.0,0.1999999639025272,0.0,0.0,0.0
2026-04-21,0.0,0.0,0.2000004396219534,0.2000004415325613,0.2000004010619551,0.0,0.2000004066711089,0.0,0.2000003890138692,0.0
2026-05-11,0.0,0.0,0.1999986220986709,0.1999985119837557,0.0,0.0,0.1999981094757808,0.1999979914786679,0.1999982613778716,0.0
2026-05-26,0.0,0.0,0.2000002191052991,0.2000001849018402,0.2000001350949571,0.0,0.1999994079132211,0.2000001787021178,0.0,0.0
2026-06-10,0.0,0.0,0.2000000715143676,0.1999999246357919,0.0,0.0,0.0,0.1999999964142223,0.1999999964365995,0.0
2026-06-26,0.0,0.0,0.1999997472602582,0.1999998357376935,0.1999999586484255,0.0,0.0,0.0,0.1999998939791793,0.0
2026-07-13,0.2000007277737467,0.0,0.2000003406935965,0.2000003417722006,0.1999999436117393,0.2000000054148368,0.0,0.0,0.0,0.0
