date,PE-TTM,EPS
2016-07-29,8.33,460.99
2016-08-05,8.37,458.65
2016-08-12,8.67,454.94
2016-08-19,8.70,462.30
2016-08-26,8.66,457.49
2016-09-02,8.74,453.32
2016-09-09,8.70,458.27
2016-09-14,8.50,456.64
2016-09-23,8.61,457.94
2016-09-30,8.58,457.70
2016-10-14,8.66,460.94
2016-10-21,8.75,460.68
2016-10-28,8.69,463.51
2016-11-04,8.77,459.95
2016-11-11,8.73,470.79
2016-11-18,8.73,472.29
2016-11-25,9.04,470.91
2016-12-02,9.15,464.45
2016-12-09,9.15,462.48
2016-12-16,9.04,448.81
2016-12-23,9.02,446.89
2016-12-30,9.02,448.15
2017-01-06,9.18,446.72
2017-01-13,9.20,441.49
2017-01-20,9.33,441.75
2017-01-26,9.46,439.62
2017-02-03,9.37,440.84
2017-02-10,9.47,444.34
2017-02-17,9.51,443.73
2017-02-24,9.62,446.74
2017-03-03,9.49,448.71
2017-03-10,9.45,449.00
2017-03-17,9.48,450.11
2017-03-24,9.58,454.54
2017-03-31,9.52,454.28
2017-04-07,9.69,454.85
2017-04-14,9.62,457.13
2017-04-21,9.58,456.07
2017-04-28,9.31,462.28
2017-05-05,9.12,463.54
2017-05-12,9.30,451.88
2017-05-19,9.25,460.85
2017-05-26,9.60,450.97
2017-06-02,9.66,448.98
2017-06-09,9.69,459.37
2017-06-16,9.47,460.72
2017-06-23,9.74,459.38
2017-06-30,9.81,461.29
2017-07-07,9.78,461.95
2017-07-14,9.93,457.80
2017-07-21,10.07,455.23
2017-07-28,10.17,450.67
2017-08-04,10.18,446.84
2017-08-11,9.97,450.60
2017-08-18,10.06,454.63
2017-08-25,10.49,443.11
2017-09-01,10.16,459.19
2017-09-08,10.21,455.30
2017-09-15,10.14,460.41
2017-09-22,10.25,457.75
2017-09-29,10.22,457.06
2017-10-13,10.33,458.98
2017-10-20,10.44,454.17
2017-10-27,10.45,460.03
2017-11-03,10.20,463.07
2017-11-10,10.20,474.48
2017-11-17,10.37,466.19
2017-11-24,10.50,456.98
2017-12-01,10.23,461.34
2017-12-08,10.19,458.78
2017-12-15,9.21,506.37
2017-12-22,9.40,501.63
2017-12-29,9.56,497.11
2018-01-05,9.79,501.74
2018-01-12,10.08,493.75
2018-01-19,10.61,476.76
2018-01-26,10.97,473.04
2018-02-02,10.98,461.18
2018-02-09,9.86,468.45
2018-02-14,10.03,472.41
2018-02-23,10.33,469.99
2018-03-02,9.90,483.11
2018-03-09,9.97,489.96
2018-03-16,9.80,491.17
2018-03-23,9.55,482.52
2018-03-30,9.28,495.93
2018-04-04,9.10,497.66
2018-04-13,9.20,495.76
2018-04-20,8.98,493.28
2018-04-27,8.98,494.62
2018-05-04,8.83,507.79
2018-05-11,9.10,504.19
2018-05-18,9.14,506.47
2018-05-25,8.80,517.07
2018-06-01,8.73,518.46
2018-06-08,8.68,517.21
2018-06-15,8.79,507.68
2018-06-22,8.58,500.17
2018-06-29,8.21,509.96
2018-07-06,8.03,499.69
2018-07-13,8.25,500.80
2018-07-20,8.27,502.53
2018-07-27,8.36,502.36
2018-08-03,8.08,494.31
2018-08-10,8.24,491.20
2018-08-17,7.87,492.43
2018-08-24,8.09,489.10
2018-08-31,7.96,498.93
2018-09-07,7.80,500.98
2018-09-14,7.81,499.66
2018-09-21,8.29,492.26
2018-09-28,8.35,491.80
2018-10-12,7.89,483.18
2018-10-19,7.88,476.38
2018-10-26,8.02,477.03
2018-11-02,7.96,492.17
2018-11-09,7.62,502.37
2018-11-16,7.67,515.99
2018-11-23,7.53,507.68
2018-11-30,7.58,507.79
2018-12-07,7.60,513.38
2018-12-14,7.59,513.44
2018-12-21,7.23,530.95
2018-12-28,7.26,528.55
2019-01-04,7.25,528.58
2019-01-11,7.30,537.29
2019-01-18,7.48,533.98
2019-01-25,7.60,528.10
2019-02-01,7.83,519.11
2019-02-15,7.77,535.58
2019-02-22,7.93,540.57
2019-03-01,8.38,536.97
2019-03-08,8.04,555.91
2019-03-15,8.15,561.27
2019-03-22,8.25,574.03
2019-03-29,8.22,576.92
2019-04-04,8.62,582.52
2019-04-12,8.48,589.05
2019-04-19,8.77,569.59
2019-04-26,8.32,565.36
2019-04-30,8.35,567.16
2019-05-10,8.01,564.71
2019-05-17,7.92,561.12
2019-05-24,7.94,553.81
2019-05-31,7.98,560.34
2019-06-06,7.98,539.42
2019-06-14,8.06,540.43
2019-06-21,8.25,539.58
2019-06-28,8.20,537.60
2019-07-05,8.28,544.30
2019-07-12,8.08,541.18
2019-07-19,8.08,539.28
2019-07-26,8.15,536.74
2019-08-02,7.95,534.68
2019-08-09,7.75,528.03
2019-08-16,7.76,535.29
2019-08-23,7.81,541.44
2019-08-30,7.68,546.42
2019-09-06,7.88,555.00
2019-09-12,7.92,554.94
2019-09-20,7.81,558.91
2019-09-27,7.72,545.99
2019-09-30,7.68,546.26
2019-10-11,7.90,546.07
2019-10-18,7.85,539.98
2019-10-25,7.98,537.40
2019-11-01,7.92,539.90
2019-11-08,7.93,539.20
2019-11-15,7.74,535.95
2019-11-22,7.74,539.99
2019-11-29,7.76,539.00
2019-12-06,7.78,542.04
2019-12-13,7.93,542.76
2019-12-20,7.76,560.60
2019-12-27,7.75,561.54
2020-01-03,7.92,568.16
2020-01-10,7.84,575.26
2020-01-17,7.73,582.03
2020-01-23,7.47,578.09
2020-02-07,7.16,576.10
2020-02-14,7.27,582.43
2020-02-21,7.38,595.37
2020-02-28,7.14,586.48
2020-03-06,7.37,598.38
2020-03-13,7.08,588.92
2020-03-20,6.78,586.88
2020-03-27,6.96,579.61
2020-04-03,6.84,582.23
2020-04-10,6.86,586.08
2020-04-17,6.94,582.65
2020-04-24,6.82,589.57
2020-04-30,7.20,567.79
2020-05-08,7.18,575.76
2020-05-15,7.08,574.42
2020-05-22,6.99,567.32
2020-05-29,7.06,567.11
2020-06-05,7.17,570.21
2020-06-12,7.10,568.17
2020-06-19,7.09,580.60
2020-06-24,7.09,575.44
2020-07-03,7.44,577.93
2020-07-10,7.53,595.61
2020-07-17,7.24,604.66
2020-07-24,7.13,607.51
2020-07-31,7.19,621.29
2020-08-07,7.25,625.12
2020-08-14,7.35,621.13
2020-08-21,7.34,624.36
2020-08-28,7.41,625.87
2020-09-04,7.78,590.52
2020-09-11,7.73,579.00
2020-09-18,7.93,580.32
2020-09-25,7.67,573.77
2020-09-30,7.69,571.45
2020-10-09,7.74,580.27
2020-10-16,7.96,578.83
2020-10-23,8.00,561.07
2020-10-30,7.70,575.82
2020-11-06,8.03,578.14
2020-11-13,8.02,588.96
2020-11-20,8.21,593.79
2020-11-27,8.49,573.44
2020-12-04,8.44,574.50
2020-12-11,8.08,582.23
2020-12-18,7.54,625.48
2020-12-25,7.42,621.93
2020-12-31,7.48,614.26
2021-01-08,7.61,606.00
2021-01-15,7.80,590.13
2021-01-22,7.68,602.19
2021-01-29,7.58,584.26
2021-02-05,7.77,572.68
2021-02-10,7.91,579.33
2021-02-19,8.03,594.52
2021-02-26,7.97,590.29
2021-03-05,8.08,594.21
2021-03-12,8.09,598.42
2021-03-19,7.93,609.67
2021-03-26,7.89,608.04
2021-04-02,7.61,636.01
2021-04-09,7.57,646.05
2021-04-16,7.56,652.29
2021-04-23,7.49,661.30
2021-04-30,7.03,705.44
2021-05-07,7.13,706.08
2021-05-14,7.18,703.75
2021-05-21,7.06,709.51
2021-05-28,7.24,712.75
2021-06-04,7.16,723.83
2021-06-11,7.12,722.91
2021-06-18,6.92,723.81
2021-06-25,7.04,737.08
2021-07-02,6.88,740.12
2021-07-09,6.71,750.87
2021-07-16,6.59,774.56
2021-07-23,6.50,777.79
2021-07-30,6.22,781.17
2021-08-06,6.26,779.92
2021-08-13,6.47,789.65
2021-08-20,6.41,782.89
2021-08-27,6.38,821.67
2021-09-03,6.31,861.28
2021-09-10,6.51,870.50
2021-09-17,6.32,870.17
2021-09-24,6.23,867.53
2021-09-30,6.24,840.47
2021-10-08,6.29,834.44
2021-10-15,6.28,819.05
2021-10-22,6.31,815.88
2021-10-29,6.17,805.13
2021-11-05,5.98,816.13
2021-11-12,6.02,825.17
2021-11-19,6.05,836.63
2021-11-26,5.96,848.76
2021-12-03,6.06,849.55
2021-12-10,6.14,833.81
2021-12-17,5.74,894.23
2021-12-24,5.77,893.46
2021-12-31,5.77,902.87
2022-01-07,5.92,895.40
2022-01-14,5.80,902.33
2022-01-21,5.92,891.58
2022-01-28,5.74,872.25
2022-02-11,6.13,869.03
2022-02-18,6.07,880.83
2022-02-25,5.86,890.27
2022-03-04,5.98,891.22
2022-03-11,5.79,884.63
2022-03-18,5.71,880.82
2022-03-25,5.78,886.51
2022-04-01,6.03,887.95
2022-04-08,6.11,884.31
2022-04-15,6.08,879.92
2022-04-22,5.99,855.46
2022-04-29,5.94,844.49
2022-05-06,5.82,845.92
2022-05-13,5.86,858.38
2022-05-20,5.87,863.53
2022-05-27,5.93,856.24
2022-06-02,5.87,861.51
2022-06-10,5.96,862.04
2022-06-17,5.91,855.41
2022-06-24,5.88,856.41
2022-07-01,5.97,858.32
2022-07-08,5.89,860.56
2022-07-15,5.52,872.74
2022-07-22,5.56,875.96
2022-07-29,5.55,886.48
2022-08-05,5.49,874.19
2022-08-12,5.56,891.48
2022-08-19,5.57,898.54
2022-08-26,5.64,896.27
2022-09-02,5.58,903.51
2022-09-09,5.72,913.04
2022-09-16,5.59,889.67
2022-09-23,5.62,882.55
2022-09-30,5.55,877.76
2022-10-14,5.55,889.44
2022-10-21,5.50,887.21
2022-10-28,5.33,868.97
2022-11-04,5.27,901.53
2022-11-11,5.39,909.55
2022-11-18,5.36,912.69
2022-11-25,5.58,897.45
2022-12-02,5.54,915.79
2022-12-09,5.64,912.98
2022-12-16,5.37,945.79
2022-12-23,5.24,933.53
2022-12-30,5.29,930.69
2023-01-06,5.38,930.20
2023-01-13,5.40,928.85
2023-01-20,5.43,940.77
2023-02-03,5.37,945.30
2023-02-10,5.39,944.61
2023-02-17,5.35,948.23
2023-02-24,5.43,962.47
2023-03-03,5.57,956.21
2023-03-10,5.47,943.04
2023-03-17,5.63,927.66
2023-03-24,5.59,926.28
2023-03-31,5.57,929.51
2023-04-07,5.63,924.02
2023-04-14,5.75,919.20
2023-04-21,5.86,907.26
2023-04-28,5.98,905.33
2023-05-05,6.26,884.54
2023-05-12,6.21,879.15
2023-05-19,6.21,863.54
2023-05-26,5.97,876.90
2023-06-02,5.97,874.68
2023-06-09,6.17,855.73
2023-06-16,6.01,864.34
2023-06-21,5.88,856.72
2023-06-30,5.91,858.56
2023-07-07,5.88,862.52
2023-07-14,5.93,862.34
2023-07-21,5.72,881.89
2023-07-28,5.97,878.38
2023-08-04,5.92,887.07
2023-08-11,5.78,882.73
2023-08-18,5.79,883.05
2023-08-25,5.78,877.94
2023-09-01,5.88,870.58
2023-09-08,5.90,863.45
2023-09-15,5.95,870.06
2023-09-22,6.05,861.27
2023-09-28,6.00,860.53
2023-10-13,6.11,837.70
2023-10-20,5.97,834.62
2023-10-27,5.93,850.78
2023-11-03,5.87,848.37
2023-11-10,5.88,846.01
2023-11-17,5.87,849.09
2023-11-24,5.92,851.76
2023-12-01,5.91,850.61
2023-12-08,5.81,854.57
2023-12-15,5.77,867.56
2023-12-22,5.81,850.13
2023-12-29,5.88,845.27
2024-01-05,6.04,844.79
2024-01-12,5.94,847.22
2024-01-19,5.91,836.01
2024-01-26,6.31,816.24
2024-02-02,6.31,795.87
2024-02-08,6.39,820.38
2024-02-23,6.79,805.68
2024-03-01,6.64,815.30
2024-03-08,6.76,817.37
2024-03-15,6.52,823.35
2024-03-22,6.57,814.42
2024-03-29,6.72,800.51
2024-04-03,6.83,801.00
2024-04-12,6.84,801.85
2024-04-19,7.17,796.04
2024-04-26,7.02,784.09
2024-04-30,7.05,779.73
2024-05-10,7.08,794.74
2024-05-17,7.13,797.81
2024-05-24,7.14,790.95
2024-05-31,7.16,791.81
2024-06-07,7.19,783.35
2024-06-14,7.08,778.60
2024-06-21,7.08,765.34
2024-06-28,7.20,743.58
2024-07-05,7.29,735.60
2024-07-12,7.28,721.76
2024-07-19,7.28,714.39
2024-07-26,7.09,713.97
2024-08-02,7.08,719.19
2024-08-09,7.01,717.77
2024-08-16,7.22,705.76
2024-08-23,7.37,682.83
2024-08-30,7.03,704.06
2024-09-06,6.84,712.53
2024-09-13,6.67,704.08
2024-09-20,6.78,701.59
2024-09-27,7.33,730.86
2024-09-30,7.66,743.72
2024-10-11,7.54,713.40
2024-10-18,7.59,715.14
2024-10-25,7.44,727.67
2024-11-01,7.47,717.94
2024-11-08,7.49,733.09
2024-11-15,7.35,728.63
2024-11-22,7.32,726.16
2024-11-29,7.43,726.02
2024-12-06,7.65,725.87
2024-12-13,7.65,720.74
2024-12-20,7.30,749.52
2024-12-27,7.58,731.74
2025-01-03,7.40,733.35
2025-01-10,7.29,720.53
2025-01-17,7.28,733.25
2025-01-24,7.24,736.59
2025-01-27,7.35,734.03
2025-02-07,7.22,738.93
2025-02-14,7.35,728.70
2025-02-21,7.26,724.08
2025-02-28,7.21,736.50
2025-03-07,7.21,740.08
2025-03-14,7.27,748.35
2025-03-21,7.24,749.21
2025-03-28,7.26,749.20
2025-04-03,7.33,748.52
2025-04-11,7.12,743.53
2025-04-18,7.42,725.43
2025-04-25,7.44,724.79
2025-04-30,7.41,720.65
2025-05-09,7.57,716.54
2025-05-16,7.62,716.15
2025-05-23,7.61,717.64
2025-05-30,7.61,715.56
2025-06-06,7.65,712.41
2025-06-13,7.67,706.29
2025-06-20,7.96,677.66
2025-06-27,8.06,672.02
2025-07-04,8.28,666.80
2025-07-11,8.31,668.73
2025-07-18,8.26,666.96
2025-07-25,8.15,691.67
2025-08-01,8.10,676.85
2025-08-08,8.32,674.93
2025-08-15,8.16,680.66
2025-08-22,8.35,670.28
2025-08-29,8.20,675.48
2025-09-05,8.22,670.30
2025-09-12,8.18,675.88
2025-09-19,7.88,694.04
2025-09-26,7.85,694.60
2025-09-30,7.79,701.31
2025-10-10,7.89,704.77
2025-10-17,8.24,679.35
2025-10-24,8.46,668.76
2025-10-31,8.33,675.45
2025-11-07,8.55,672.70
2025-11-14,8.70,662.83
2025-11-21,8.68,639.73
2025-11-28,8.57,647.39
2025-12-05,8.48,655.48
2025-12-12,8.31,652.85
2025-12-19,8.41,651.82
2025-12-26,8.41,656.00
2025-12-31,8.55,643.66
2026-01-09,8.40,666.03
2026-01-16,8.23,667.76
2026-01-23,8.08,694.26
2026-01-30,8.31,685.63
2026-02-06,8.31,682.77
2026-02-13,8.20,690.89
2026-02-27,8.22,708.88
2026-03-06,8.58,683.40
2026-03-13,8.65,688.17
2026-03-20,8.75,659.86
2026-03-27,8.67,662.44
2026-04-03,8.70,649.15
2026-04-10,8.57,664.09
2026-04-17,8.61,661.29
2026-04-24,8.77,658.71
2026-04-30,8.85,662.99
2026-05-08,8.61,669.98
2026-05-15,8.55,664.67
2026-05-22,8.43,657.90
2026-05-29,8.40,664.33
2026-06-05,8.52,667.42
2026-06-12,8.68,651.10
2026-06-18,8.06,659.95
2026-06-26,7.79,652.90
2026-07-03,7.76,670.86
2026-07-07,7.86,
2026-07-08,7.95,
2026-07-09,7.89,
2026-07-10,7.89,
2026-07-13,8.03,
2026-07-14,8.10,
2026-07-15,8.16,
2026-07-16,8.07,
2026-07-17,8.18,
2026-07-20,8.45,
2026-07-21,8.27,
2026-07-22,8.39,
2026-07-23,8.44,
2026-07-24,8.45,
2026-07-27,8.44,
2026-07-28,8.58,
2026-07-29,8.56,
2026-07-30,8.75,
2026-07-31,8.63,
2026-08-03,8.60,
2026-08-04,8.37,
2026-08-05,8.27,
2026-08-06,8.33,
2026-08-07,8.31,
2026-08-10,8.36,
2026-08-11,8.38,
2026-08-12,8.29,
2026-08-13,8.32,
